onset	duration	sample	value
0.0000000000	n/a	0	boundary
34.3260000000	1.0000000000	34326	S 15
72.3480000000	1.0000000000	72348	S 15
111.8470000000	1.0000000000	111847	S 15
150.9090000000	1.0000000000	150909	S 15
187.9590000000	1.0000000000	187959	S 15
225.6130000000	1.0000000000	225613	S 15
264.3730000000	1.0000000000	264373	S 15
300.4840000000	1.0000000000	300484	S 15
339.2950000000	1.0000000000	339295	S 15
377.3010000000	1.0000000000	377301	S 15
