onset	duration	sample	value
0.0000000000	n/a	0	boundary
38.5760000000	1.0000000000	38576	S 15
76.4980000000	1.0000000000	76498	S 15
114.9060000000	1.0000000000	114906	S 15
150.8490000000	1.0000000000	150849	S 15
187.2790000000	1.0000000000	187279	S 15
223.7750000000	1.0000000000	223775	S 15
262.0320000000	1.0000000000	262032	S 15
298.5460000000	1.0000000000	298546	S 15
335.4280000000	1.0000000000	335428	S 15
372.0920000000	1.0000000000	372092	S 15
