onset	duration	sample	value
0.0000000000	n/a	0	boundary
16.8940000000	1.0000000000	16894	S111
40.0200000000	1.0000000000	40020	S111
62.9320000000	1.0000000000	62932	S111
85.6620000000	1.0000000000	85662	S111
109.1080000000	1.0000000000	109108	S111
133.3000000000	1.0000000000	133300	S111
157.5130000000	1.0000000000	157513	S111
181.0000000000	1.0000000000	181000	S111
202.8000000000	1.0000000000	202800	S111
225.0590000000	1.0000000000	225059	S111
