onset	duration	sample	value
0.0000000000	n/a	0	boundary
32.7270000000	1.0000000000	32727	S 15
68.4180000000	1.0000000000	68418	S 15
103.7740000000	1.0000000000	103774	S 15
139.1800000000	1.0000000000	139180	S 15
174.7880000000	1.0000000000	174788	S 15
210.5290000000	1.0000000000	210529	S 15
246.0700000000	1.0000000000	246070	S 15
281.4420000000	1.0000000000	281442	S 15
316.8990000000	1.0000000000	316899	S 15
352.2880000000	1.0000000000	352288	S 15
