onset	duration	sample	value
0.0000000000	n/a	0	boundary
9.4930000000	1.0000000000	9493	S 77
27.3390000000	1.0000000000	27339	S 77
45.3020000000	1.0000000000	45302	S 77
62.4600000000	1.0000000000	62460	S 77
79.8360000000	1.0000000000	79836	S 77
98.7380000000	1.0000000000	98738	S 77
116.7180000000	1.0000000000	116718	S 77
136.8280000000	1.0000000000	136828	S 77
154.5220000000	1.0000000000	154522	S 77
173.0720000000	1.0000000000	173072	S 77
