onset	duration	sample	value
0.0000000000	n/a	0	boundary
21.0620000000	1.0000000000	21062	S111
43.6200000000	1.0000000000	43620	S111
66.6830000000	1.0000000000	66683	S111
89.5400000000	1.0000000000	89540	S111
113.2430000000	1.0000000000	113243	S111
135.7590000000	1.0000000000	135759	S111
158.2080000000	1.0000000000	158208	S111
181.7020000000	1.0000000000	181702	S111
205.9110000000	1.0000000000	205911	S111
229.1800000000	1.0000000000	229180	S111
