onset	duration	sample	value
0.0000000000	n/a	0	boundary
29.6600000000	1.0000000000	29660	S115
66.6770000000	1.0000000000	66677	S115
103.1060000000	1.0000000000	103106	S115
139.8880000000	1.0000000000	139888	S115
177.4910000000	1.0000000000	177491	S115
215.3120000000	1.0000000000	215312	S115
254.4250000000	1.0000000000	254425	S115
291.8100000000	1.0000000000	291810	S115
329.0110000000	1.0000000000	329011	S115
366.2460000000	1.0000000000	366246	S115
