onset	duration	sample	value
0.0000000000	n/a	0	boundary
37.6270000000	1.0000000000	37627	S115
74.6100000000	1.0000000000	74610	S115
110.5360000000	1.0000000000	110536	S115
146.8980000000	1.0000000000	146898	S115
182.6900000000	1.0000000000	182690	S115
219.3870000000	1.0000000000	219387	S115
255.2970000000	1.0000000000	255297	S115
291.5420000000	1.0000000000	291542	S115
327.8370000000	1.0000000000	327837	S115
364.4840000000	1.0000000000	364484	S115
