onset	duration	sample	value
0.0000000000	n/a	0	boundary
10.6970000000	1.0000000000	10697	S 77
26.6310000000	1.0000000000	26631	S 77
44.8620000000	1.0000000000	44862	S 77
63.3110000000	1.0000000000	63311	S 77
79.5130000000	1.0000000000	79513	S 77
95.7490000000	1.0000000000	95749	S 77
114.1980000000	1.0000000000	114198	S 77
130.7190000000	1.0000000000	130719	S 77
146.2170000000	1.0000000000	146217	S 77
161.8990000000	1.0000000000	161899	S 77
