onset	duration	sample	value
0.0000000000	n/a	0	boundary
9.7150000000	1.0000000000	9715	S 77
26.0840000000	1.0000000000	26084	S 77
42.7220000000	1.0000000000	42722	S 77
59.5280000000	1.0000000000	59528	S 77
76.4680000000	1.0000000000	76468	S 77
94.0450000000	1.0000000000	94045	S 77
111.5050000000	1.0000000000	111505	S 77
129.7530000000	1.0000000000	129753	S 77
147.0120000000	1.0000000000	147012	S 77
166.0320000000	1.0000000000	166032	S 77
