onset	duration	sample	value
0.0000000000	n/a	0	boundary
9.9050000000	1.0000000000	9905	S 77
25.9560000000	1.0000000000	25956	S 77
41.8900000000	1.0000000000	41890	S 77
58.2600000000	1.0000000000	58260	S 77
75.1830000000	1.0000000000	75183	S 77
90.6470000000	1.0000000000	90647	S 77
106.4960000000	1.0000000000	106496	S 77
122.4800000000	1.0000000000	122480	S 77
138.5150000000	1.0000000000	138515	S 77
154.6160000000	1.0000000000	154616	S 77
