onset	duration	sample	value
0.0000000000	n/a	0	boundary
13.8310000000	1.0000000000	13831	S111
35.8500000000	1.0000000000	35850	S111
57.3420000000	1.0000000000	57342	S111
79.3110000000	1.0000000000	79311	S111
100.4940000000	1.0000000000	100494	S111
122.2460000000	1.0000000000	122246	S111
144.0250000000	1.0000000000	144025	S111
165.6610000000	1.0000000000	165661	S111
187.2510000000	1.0000000000	187251	S111
208.7200000000	1.0000000000	208720	S111
