onset	duration	sample	value
0.0000000000	n/a	0	boundary
47.2630000000	1.0000000000	47263	S 11
73.0400000000	1.0000000000	73040	S 11
98.8100000000	1.0000000000	98810	S 11
123.1620000000	1.0000000000	123162	S 11
148.7710000000	1.0000000000	148771	S 11
174.3840000000	1.0000000000	174384	S 11
199.7060000000	1.0000000000	199706	S 11
225.0720000000	1.0000000000	225072	S 11
250.8400000000	1.0000000000	250840	S 11
275.2970000000	1.0000000000	275297	S 11
