onset	duration	sample	value
0.0000000000	n/a	0	boundary
29.1720000000	1.0000000000	29172	S 15
66.1050000000	1.0000000000	66105	S 15
103.1040000000	1.0000000000	103104	S 15
139.0810000000	1.0000000000	139081	S 15
176.7340000000	1.0000000000	176734	S 15
213.7340000000	1.0000000000	213734	S 15
251.6900000000	1.0000000000	251690	S 15
288.0680000000	1.0000000000	288068	S 15
324.6320000000	1.0000000000	324632	S 15
361.4300000000	1.0000000000	361430	S 15
