onset	duration	sample	value
0.0000000000	n/a	0	boundary
26.8700000000	1.0000000000	26870	S 15
64.1550000000	1.0000000000	64155	S 15
100.6850000000	1.0000000000	100685	S 15
137.6340000000	1.0000000000	137634	S 15
173.5770000000	1.0000000000	173577	S 15
211.0800000000	1.0000000000	211080	S 15
248.2970000000	1.0000000000	248297	S 15
285.4480000000	1.0000000000	285448	S 15
321.3240000000	1.0000000000	321324	S 15
357.8540000000	1.0000000000	357854	S 15
