onset	duration	sample	value
0.0000000000	n/a	0	boundary
15.2250000000	1.0000000000	15225	S 11
38.3120000000	1.0000000000	38312	S 11
60.6030000000	1.0000000000	60603	S 11
82.1990000000	1.0000000000	82199	S 11
103.5620000000	1.0000000000	103562	S 11
124.8690000000	1.0000000000	124869	S 11
146.8290000000	1.0000000000	146829	S 11
168.2710000000	1.0000000000	168271	S 11
190.0590000000	1.0000000000	190059	S 11
212.0140000000	1.0000000000	212014	S 11
