onset	duration	sample	value
0.0000000000	n/a	0	boundary
30.5400000000	1.0000000000	30540	S115
68.3110000000	1.0000000000	68311	S115
103.9690000000	1.0000000000	103969	S115
142.4610000000	1.0000000000	142461	S115
178.8730000000	1.0000000000	178873	S115
215.7890000000	1.0000000000	215789	S115
251.8330000000	1.0000000000	251833	S115
289.1840000000	1.0000000000	289184	S115
325.8480000000	1.0000000000	325848	S115
362.5960000000	1.0000000000	362596	S115
