onset	duration	sample	value
0.0000000000	n/a	0	boundary
15.4180000000	1.0000000000	15418	S111
37.0820000000	1.0000000000	37082	S111
58.7730000000	1.0000000000	58773	S111
80.6450000000	1.0000000000	80645	S111
102.4770000000	1.0000000000	102477	S111
124.0870000000	1.0000000000	124087	S111
145.1700000000	1.0000000000	145170	S111
167.8500000000	1.0000000000	167850	S111
189.7140000000	1.0000000000	189714	S111
211.2440000000	1.0000000000	211244	S111
