onset	duration	sample	value
0.0000000000	n/a	0	boundary
49.4840000000	1.0000000000	49484	S111
70.4840000000	1.0000000000	70484	S111
94.0270000000	1.0000000000	94027	S111
116.2950000000	1.0000000000	116295	S111
137.4940000000	1.0000000000	137494	S111
158.5670000000	1.0000000000	158567	S111
182.5760000000	1.0000000000	182576	S111
205.6110000000	1.0000000000	205611	S111
226.7820000000	1.0000000000	226782	S111
248.6370000000	1.0000000000	248637	S111
