onset	duration	sample	value
0.0000000000	n/a	0	boundary
53.0380000000	1.0000000000	53038	S111
77.0240000000	1.0000000000	77024	S111
100.0250000000	1.0000000000	100025	S111
125.6500000000	1.0000000000	125650	S111
150.1490000000	1.0000000000	150149	S111
173.4050000000	1.0000000000	173405	S111
196.5090000000	1.0000000000	196509	S111
220.0900000000	1.0000000000	220090	S111
243.9670000000	1.0000000000	243967	S111
265.4920000000	1.0000000000	265492	S111
