onset	duration	sample	value
0.0000000000	n/a	0	boundary
28.4150000000	1.0000000000	28415	S 15
66.5720000000	1.0000000000	66572	S 15
103.9570000000	1.0000000000	103957	S 15
143.5900000000	1.0000000000	143590	S 15
181.3110000000	1.0000000000	181311	S 15
219.0820000000	1.0000000000	219082	S 15
257.0880000000	1.0000000000	257088	S 15
295.2110000000	1.0000000000	295211	S 15
333.1160000000	1.0000000000	333116	S 15
369.7130000000	1.0000000000	369713	S 15
