onset	duration	sample	value
0.0000000000	n/a	0	boundary
11.1310000000	1.0000000000	11131	S 77
27.5510000000	1.0000000000	27551	S 77
43.0820000000	1.0000000000	43082	S 77
59.1330000000	1.0000000000	59133	S 77
74.8150000000	1.0000000000	74815	S 77
89.9940000000	1.0000000000	89994	S 77
106.3300000000	1.0000000000	106330	S 77
121.7100000000	1.0000000000	121710	S 77
137.7450000000	1.0000000000	137745	S 77
153.7960000000	1.0000000000	153796	S 77
