onset	duration	sample	value
0.0000000000	n/a	0	boundary
66.6050000000	1.0000000000	66605	S 15
94.7200000000	n/a	94720	boundary
163.0580000000	1.0000000000	163058	S 15
200.7450000000	1.0000000000	200745	S 15
240.9980000000	1.0000000000	240998	S 15
280.3120000000	1.0000000000	280312	S 15
318.4520000000	1.0000000000	318452	S 15
358.4880000000	1.0000000000	358488	S 15
399.7310000000	1.0000000000	399731	S 15
437.9210000000	1.0000000000	437921	S 15
476.0610000000	1.0000000000	476061	S 15
