onset	duration	sample	value
0.0000000000	n/a	0	boundary
44.8230000000	1.0000000000	44823	S 15
81.7560000000	1.0000000000	81756	S 15
119.5100000000	1.0000000000	119510	S 15
155.6710000000	1.0000000000	155671	S 15
192.3850000000	1.0000000000	192385	S 15
228.7810000000	1.0000000000	228781	S 15
265.3780000000	1.0000000000	265378	S 15
302.7130000000	1.0000000000	302713	S 15
340.1990000000	1.0000000000	340199	S 15
379.0940000000	1.0000000000	379094	S 15
