onset	duration	sample	value
0.0000000000	n/a	0	boundary
44.3390000000	1.0000000000	44339	S111
66.6680000000	1.0000000000	66668	S111
89.3170000000	1.0000000000	89317	S111
112.0370000000	1.0000000000	112037	S111
133.6080000000	1.0000000000	133608	S111
155.3710000000	1.0000000000	155371	S111
178.8150000000	1.0000000000	178815	S111
201.4990000000	1.0000000000	201499	S111
224.6860000000	1.0000000000	224686	S111
