onset	duration	sample	value
0.0000000000	n/a	0	boundary
60.1330000000	1.0000000000	60133	S 77
78.9180000000	1.0000000000	78918	S 77
96.8810000000	1.0000000000	96881	S 77
112.8980000000	1.0000000000	112898	S 77
128.8490000000	1.0000000000	128849	S 77
148.8580000000	1.0000000000	148858	S 77
168.0120000000	1.0000000000	168012	S 77
183.6270000000	1.0000000000	183627	S 77
200.4160000000	1.0000000000	200416	S 77
220.5260000000	1.0000000000	220526	S 77
