onset	duration	sample	value
0.0000000000	n/a	0	boundary
47.7480000000	1.0000000000	47748	S 77
64.0170000000	1.0000000000	64017	S 77
80.5040000000	1.0000000000	80504	S 77
96.8900000000	1.0000000000	96890	S 77
113.5620000000	1.0000000000	113562	S 77
130.7530000000	1.0000000000	130753	S 77
147.5590000000	1.0000000000	147559	S 77
163.5760000000	1.0000000000	163576	S 77
179.8290000000	1.0000000000	179829	S 77
195.6450000000	1.0000000000	195645	S 77
