onset	duration	sample	value
0.0000000000	n/a	0	boundary
14.7150000000	1.0000000000	14715	S 11
38.2500000000	1.0000000000	38250	S 11
60.6320000000	1.0000000000	60632	S 11
82.8860000000	1.0000000000	82886	S 11
105.2470000000	1.0000000000	105247	S 11
128.0430000000	1.0000000000	128043	S 11
150.3420000000	1.0000000000	150342	S 11
173.6340000000	1.0000000000	173634	S 11
196.2170000000	1.0000000000	196217	S 11
218.4820000000	1.0000000000	218482	S 11
