onset	duration	sample	value
0.0000000000	n/a	0	boundary
17.6480000000	1.0000000000	17648	S 11
39.9700000000	1.0000000000	39970	S 11
62.8400000000	1.0000000000	62840	S 11
86.0060000000	1.0000000000	86006	S 11
108.8620000000	1.0000000000	108862	S 11
130.8640000000	1.0000000000	130864	S 11
153.5730000000	1.0000000000	153573	S 11
176.5100000000	1.0000000000	176510	S 11
199.4660000000	1.0000000000	199466	S 11
222.4950000000	1.0000000000	222495	S 11
