onset	duration	sample	value
0.0000000000	n/a	0	boundary
51.9800000000	1.0000000000	51980	S111
73.4050000000	1.0000000000	73405	S111
94.9750000000	1.0000000000	94975	S111
117.1210000000	1.0000000000	117121	S111
140.6440000000	1.0000000000	140644	S111
163.2620000000	1.0000000000	163262	S111
187.2210000000	1.0000000000	187221	S111
209.2230000000	1.0000000000	209223	S111
231.5710000000	1.0000000000	231571	S111
254.0710000000	1.0000000000	254071	S111
