onset	duration	sample	value
0.0000000000	n/a	0	boundary
70.0390000000	1.0000000000	70039	S 11
94.3290000000	1.0000000000	94329	S 11
119.0600000000	1.0000000000	119060	S 11
143.2400000000	1.0000000000	143240	S 11
165.9150000000	1.0000000000	165915	S 11
193.6650000000	1.0000000000	193665	S 11
217.6980000000	1.0000000000	217698	S 11
241.0140000000	1.0000000000	241014	S 11
265.4210000000	1.0000000000	265421	S 11
