onset	duration	sample	value
0.0000000000	n/a	0	boundary
32.0960000000	1.0000000000	32096	S111
53.9490000000	1.0000000000	53949	S111
76.1440000000	1.0000000000	76144	S111
98.8620000000	1.0000000000	98862	S111
120.6700000000	1.0000000000	120670	S111
142.4120000000	1.0000000000	142412	S111
163.8920000000	1.0000000000	163892	S111
185.7350000000	1.0000000000	185735	S111
207.8750000000	1.0000000000	207875	S111
229.4840000000	1.0000000000	229484	S111
