onset	duration	sample	value
0.0000000000	n/a	0	boundary
11.6010000000	1.0000000000	11601	S 77
27.5850000000	1.0000000000	27585	S 77
45.4810000000	1.0000000000	45481	S 77
66.7310000000	1.0000000000	66731	S 77
82.6320000000	1.0000000000	82632	S 77
100.2260000000	1.0000000000	100226	S 77
115.7900000000	1.0000000000	115790	S 77
133.4180000000	1.0000000000	133418	S 77
149.9390000000	1.0000000000	149939	S 77
166.4930000000	1.0000000000	166493	S 77
