onset	duration	sample	value
0.0000000000	n/a	0	boundary
13.1930000000	1.0000000000	13193	S 11
34.8780000000	1.0000000000	34878	S 11
57.3790000000	1.0000000000	57379	S 11
80.3950000000	1.0000000000	80395	S 11
102.6200000000	1.0000000000	102620	S 11
124.9830000000	1.0000000000	124983	S 11
146.9050000000	1.0000000000	146905	S 11
169.6010000000	1.0000000000	169601	S 11
191.7270000000	1.0000000000	191727	S 11
214.7260000000	1.0000000000	214726	S 11
