onset	duration	sample	value
0.0000000000	n/a	0	boundary
15.6160000000	1.0000000000	15616	S111
36.7680000000	1.0000000000	36768	S111
59.0910000000	1.0000000000	59091	S111
79.2070000000	1.0000000000	79207	S111
100.1360000000	1.0000000000	100136	S111
122.0160000000	1.0000000000	122016	S111
143.1710000000	1.0000000000	143171	S111
165.0690000000	1.0000000000	165069	S111
186.5840000000	1.0000000000	186584	S111
207.9270000000	1.0000000000	207927	S111
