onset	duration	sample	value
0.0000000000	n/a	0	boundary
21.2120000000	1.0000000000	21212	S111
42.7650000000	1.0000000000	42765	S111
62.6370000000	1.0000000000	62637	S111
82.5310000000	1.0000000000	82531	S111
104.2500000000	1.0000000000	104250	S111
124.7180000000	1.0000000000	124718	S111
146.5310000000	1.0000000000	146531	S111
169.3110000000	1.0000000000	169311	S111
189.7180000000	1.0000000000	189718	S111
211.9550000000	1.0000000000	211955	S111
