onset	duration	sample	value
0.0000000000	n/a	0	boundary
6.3600000000	n/a	6360	boundary
22.0860000000	1.0000000000	22086	S111
42.9730000000	1.0000000000	42973	S111
64.9210000000	1.0000000000	64921	S111
86.6250000000	1.0000000000	86625	S111
108.7310000000	1.0000000000	108731	S111
132.0040000000	1.0000000000	132004	S111
153.6520000000	1.0000000000	153652	S111
175.1890000000	1.0000000000	175189	S111
197.2380000000	1.0000000000	197238	S111
219.5660000000	1.0000000000	219566	S111
