onset	duration	sample	value
0.0000000000	n/a	0	boundary
13.0850000000	1.0000000000	13085	S 11
33.6010000000	1.0000000000	33601	S 11
54.2200000000	1.0000000000	54220	S 11
74.6280000000	1.0000000000	74628	S 11
95.5110000000	1.0000000000	95511	S 11
117.4210000000	1.0000000000	117421	S 11
137.8780000000	1.0000000000	137878	S 11
158.5700000000	1.0000000000	158570	S 11
179.5930000000	1.0000000000	179593	S 11
199.5720000000	1.0000000000	199572	S 11
