onset	duration	sample	value
0.0000000000	n/a	0	boundary
44.2930000000	1.0000000000	44293	S115
80.6210000000	1.0000000000	80621	S115
116.2620000000	1.0000000000	116262	S115
152.2050000000	1.0000000000	152205	S115
188.5170000000	1.0000000000	188517	S115
224.1580000000	1.0000000000	224158	S115
259.8830000000	1.0000000000	259883	S115
295.9090000000	1.0000000000	295909	S115
331.9700000000	1.0000000000	331970	S115
368.6840000000	1.0000000000	368684	S115
