onset	duration	sample	value
0.0000000000	n/a	0	boundary
38.6980000000	1.0000000000	38698	S115
78.7340000000	1.0000000000	78734	S115
118.5170000000	1.0000000000	118517	S115
155.5000000000	1.0000000000	155500	S115
194.2940000000	1.0000000000	194294	S115
232.4180000000	1.0000000000	232418	S115
269.1820000000	1.0000000000	269182	S115
306.8860000000	1.0000000000	306886	S115
344.3220000000	1.0000000000	344322	S115
381.6230000000	1.0000000000	381623	S115
