onset	duration	sample	value
0.0000000000	n/a	0	boundary
38.5270000000	1.0000000000	38527	S 15
80.2900000000	1.0000000000	80290	S 15
122.4220000000	1.0000000000	122422	S 15
166.7340000000	1.0000000000	166734	S 15
207.7260000000	1.0000000000	207726	S 15
248.2300000000	1.0000000000	248230	S 15
290.0940000000	1.0000000000	290094	S 15
330.3810000000	1.0000000000	330381	S 15
371.9760000000	1.0000000000	371976	S 15
410.7370000000	1.0000000000	410737	S 15
