onset	duration	sample	value
0.0000000000	n/a	0	boundary
48.3800000000	1.0000000000	48380	S115
84.4910000000	1.0000000000	84491	S115
124.2750000000	1.0000000000	124275	S115
163.2370000000	1.0000000000	163237	S115
200.8060000000	1.0000000000	200806	S115
238.3760000000	1.0000000000	238376	S115
275.6440000000	1.0000000000	275644	S115
312.7270000000	1.0000000000	312727	S115
349.6100000000	1.0000000000	349610	S115
388.7730000000	1.0000000000	388773	S115
