onset	duration	sample	value
0.0000000000	n/a	0	boundary
25.3250000000	1.0000000000	25325	S111
46.1160000000	1.0000000000	46116	S111
66.3370000000	1.0000000000	66337	S111
86.1240000000	1.0000000000	86124	S111
105.4330000000	1.0000000000	105433	S111
125.0790000000	1.0000000000	125079	S111
144.6610000000	1.0000000000	144661	S111
164.9750000000	1.0000000000	164975	S111
184.5750000000	1.0000000000	184575	S111
204.4350000000	1.0000000000	204435	S111
