onset	duration	sample	value
0.0000000000	n/a	0	boundary
8.9880000000	1.0000000000	8988	S 77
27.0010000000	1.0000000000	27001	S 77
49.0230000000	1.0000000000	49023	S 77
65.6940000000	1.0000000000	65694	S 77
85.5360000000	1.0000000000	85536	S 77
108.0780000000	1.0000000000	108078	S 77
127.7680000000	1.0000000000	127768	S 77
149.8410000000	1.0000000000	149841	S 77
170.0010000000	1.0000000000	170001	S 77
191.1840000000	1.0000000000	191184	S 77
