onset	duration	sample	value
0.0000000000	n/a	0	boundary
139.2270000000	1.0000000000	139227	S 15
177.8200000000	1.0000000000	177820	S 15
215.0540000000	1.0000000000	215054	S 15
252.2720000000	1.0000000000	252272	S 15
290.6130000000	1.0000000000	290613	S 15
337.0720000000	1.0000000000	337072	S 15
379.8580000000	1.0000000000	379858	S 15
417.3610000000	1.0000000000	417361	S 15
456.4740000000	1.0000000000	456474	S 15
493.7750000000	1.0000000000	493775	S 15
