onset	duration	sample	value
0.0000000000	n/a	0	boundary
27.7510000000	1.0000000000	27751	S 15
66.1420000000	1.0000000000	66142	S 15
103.6620000000	1.0000000000	103662	S 15
139.5540000000	1.0000000000	139554	S 15
175.7150000000	1.0000000000	175715	S 15
210.8200000000	1.0000000000	210820	S 15
246.9130000000	1.0000000000	246913	S 15
283.2080000000	1.0000000000	283208	S 15
318.9170000000	1.0000000000	318917	S 15
355.9330000000	1.0000000000	355933	S 15
