onset	duration	sample	value
0.0000000000	n/a	0	boundary
73.2140000000	1.0000000000	73214	S 15
109.5420000000	1.0000000000	109542	S 15
144.9820000000	1.0000000000	144982	S 15
181.0930000000	1.0000000000	181093	S 15
217.1030000000	1.0000000000	217103	S 15
252.3580000000	1.0000000000	252358	S 15
288.3340000000	1.0000000000	288334	S 15
323.9080000000	1.0000000000	323908	S 15
358.9290000000	1.0000000000	358929	S 15
