onset	duration	sample	value
0.0000000000	n/a	0	boundary
11.3230000000	1.0000000000	11323	S 77
27.3910000000	1.0000000000	27391	S 77
43.7270000000	1.0000000000	43727	S 77
59.8290000000	1.0000000000	59829	S 77
75.8630000000	1.0000000000	75863	S 77
92.4000000000	1.0000000000	92400	S 77
108.5860000000	1.0000000000	108586	S 77
125.8270000000	1.0000000000	125827	S 77
141.5600000000	1.0000000000	141560	S 77
157.9460000000	1.0000000000	157946	S 77
