onset	duration	sample	value
0.0000000000	n/a	0	boundary
53.2680000000	1.0000000000	53268	S 15
91.8440000000	1.0000000000	91844	S 15
129.9670000000	1.0000000000	129967	S 15
167.7720000000	1.0000000000	167772	S 15
204.5200000000	1.0000000000	204520	S 15
244.1520000000	1.0000000000	244152	S 15
281.0680000000	1.0000000000	281068	S 15
317.3970000000	1.0000000000	317397	S 15
354.0110000000	1.0000000000	354011	S 15
391.3460000000	1.0000000000	391346	S 15
