onset	duration	sample	value
0.0000000000	n/a	0	boundary
29.6370000000	1.0000000000	29637	S115
67.1230000000	1.0000000000	67123	S115
104.9940000000	1.0000000000	104994	S115
142.1280000000	1.0000000000	142128	S115
178.3730000000	1.0000000000	178373	S115
216.8480000000	1.0000000000	216848	S115
254.5350000000	1.0000000000	254535	S115
292.4410000000	1.0000000000	292441	S115
331.0000000000	1.0000000000	331000	S115
368.4690000000	1.0000000000	368469	S115
