onset	duration	sample	value
0.0000000000	n/a	0	boundary
28.3430000000	1.0000000000	28343	S115
67.8410000000	1.0000000000	67841	S115
108.7320000000	1.0000000000	108732	S115
147.8620000000	1.0000000000	147862	S115
184.9620000000	1.0000000000	184962	S115
225.8190000000	1.0000000000	225819	S115
267.6660000000	1.0000000000	267666	S115
306.4260000000	1.0000000000	306426	S115
346.4610000000	1.0000000000	346461	S115
384.0980000000	1.0000000000	384098	S115
