onset	duration	sample	value
0.0000000000	n/a	0	boundary
28.5940000000	1.0000000000	28594	S 15
65.9630000000	1.0000000000	65963	S 15
103.1640000000	1.0000000000	103164	S 15
140.1970000000	1.0000000000	140197	S 15
176.8440000000	1.0000000000	176844	S 15
213.4070000000	1.0000000000	213407	S 15
249.9370000000	1.0000000000	249937	S 15
285.5780000000	1.0000000000	285578	S 15
321.7390000000	1.0000000000	321739	S 15
357.9840000000	1.0000000000	357984	S 15
