onset	duration	sample	value
0.0000000000	n/a	0	boundary
27.5630000000	1.0000000000	27563	S 15
66.1560000000	1.0000000000	66156	S 15
103.5250000000	1.0000000000	103525	S 15
142.2010000000	1.0000000000	142201	S 15
180.8610000000	1.0000000000	180861	S 15
217.4420000000	1.0000000000	217442	S 15
254.4750000000	1.0000000000	254475	S 15
294.3260000000	1.0000000000	294326	S 15
333.2040000000	1.0000000000	333204	S 15
369.9510000000	1.0000000000	369951	S 15
