onset	duration	sample	value
0.0000000000	n/a	0	boundary
49.4390000000	1.0000000000	49439	S115
86.6230000000	1.0000000000	86623	S115
123.2700000000	1.0000000000	123270	S115
158.5920000000	1.0000000000	158592	S115
194.6020000000	1.0000000000	194602	S115
230.4280000000	1.0000000000	230428	S115
267.8800000000	1.0000000000	267880	S115
304.1580000000	1.0000000000	304158	S115
340.0680000000	1.0000000000	340068	S115
375.5410000000	1.0000000000	375541	S115
