onset	duration	sample	value
0.0000000000	n/a	0	boundary
12.6710000000	1.0000000000	12671	S 11
38.9520000000	1.0000000000	38952	S 11
63.2050000000	1.0000000000	63205	S 11
84.9310000000	1.0000000000	84931	S 11
106.9900000000	1.0000000000	106990	S 11
132.0650000000	1.0000000000	132065	S 11
153.6910000000	1.0000000000	153691	S 11
175.8420000000	1.0000000000	175842	S 11
197.4800000000	1.0000000000	197480	S 11
222.3540000000	1.0000000000	222354	S 11
