onset	duration	sample	value
0.0000000000	n/a	0	boundary
35.8470000000	1.0000000000	35847	S 15
72.8970000000	1.0000000000	72897	S 15
108.7890000000	1.0000000000	108789	S 15
144.7320000000	1.0000000000	144732	S 15
181.1780000000	1.0000000000	181178	S 15
216.8360000000	1.0000000000	216836	S 15
252.0910000000	1.0000000000	252091	S 15
287.3960000000	1.0000000000	287396	S 15
323.7080000000	1.0000000000	323708	S 15
360.0200000000	1.0000000000	360020	S 15
