onset	duration	sample	value
0.0000000000	n/a	0	boundary
15.9930000000	1.0000000000	15993	S111
37.4390000000	1.0000000000	37439	S111
58.9870000000	1.0000000000	58987	S111
80.2200000000	1.0000000000	80220	S111
101.2450000000	1.0000000000	101245	S111
122.5810000000	1.0000000000	122581	S111
144.0430000000	1.0000000000	144043	S111
164.9310000000	1.0000000000	164931	S111
185.6530000000	1.0000000000	185653	S111
206.7390000000	1.0000000000	206739	S111
