onset	duration	sample	value
0.0000000000	n/a	0	boundary
16.4310000000	1.0000000000	16431	S 11
37.7360000000	1.0000000000	37736	S 11
59.4360000000	1.0000000000	59436	S 11
80.8300000000	1.0000000000	80830	S 11
102.4690000000	1.0000000000	102469	S 11
124.2980000000	1.0000000000	124298	S 11
146.1060000000	1.0000000000	146106	S 11
167.7850000000	1.0000000000	167785	S 11
189.6490000000	1.0000000000	189649	S 11
211.8570000000	1.0000000000	211857	S 11
