onset	duration	sample	value
0.0000000000	n/a	0	boundary
8.5640000000	1.0000000000	8564	S 77
24.5810000000	1.0000000000	24581	S 77
40.4640000000	1.0000000000	40464	S 77
57.4550000000	1.0000000000	57455	S 77
73.4220000000	1.0000000000	73422	S 77
89.5730000000	1.0000000000	89573	S 77
105.9430000000	1.0000000000	105943	S 77
122.1280000000	1.0000000000	122128	S 77
137.8940000000	1.0000000000	137894	S 77
154.8680000000	1.0000000000	154868	S 77
