onset	duration	sample	value
0.0000000000	n/a	0	boundary
28.6830000000	1.0000000000	28683	S 15
63.9550000000	1.0000000000	63955	S 15
98.9420000000	1.0000000000	98942	S 15
135.5050000000	1.0000000000	135505	S 15
171.3310000000	1.0000000000	171331	S 15
207.1730000000	1.0000000000	207173	S 15
242.0590000000	1.0000000000	242059	S 15
278.1200000000	1.0000000000	278120	S 15
313.8280000000	1.0000000000	313828	S 15
349.5520000000	1.0000000000	349552	S 15
