onset	duration	sample	value
0.0000000000	n/a	0	boundary
36.0390000000	1.0000000000	36039	S115
71.5290000000	1.0000000000	71529	S115
107.5220000000	1.0000000000	107522	S115
143.1630000000	1.0000000000	143163	S115
179.2230000000	1.0000000000	179223	S115
214.9150000000	1.0000000000	214915	S115
250.9580000000	1.0000000000	250958	S115
286.7330000000	1.0000000000	286733	S115
321.8210000000	1.0000000000	321821	S115
357.1430000000	1.0000000000	357143	S115
