onset	duration	sample	value
0.0000000000	n/a	0	boundary
48.0310000000	1.0000000000	48031	S111
66.1600000000	n/a	66160	boundary
81.5000000000	1.0000000000	81500	S111
102.5530000000	1.0000000000	102553	S111
124.5430000000	1.0000000000	124543	S111
146.0990000000	1.0000000000	146099	S111
167.0010000000	1.0000000000	167001	S111
189.7940000000	1.0000000000	189794	S111
211.3250000000	1.0000000000	211325	S111
233.2420000000	1.0000000000	233242	S111
254.6760000000	1.0000000000	254676	S111
277.5700000000	1.0000000000	277570	S111
