onset	duration	sample	value
0.0000000000	n/a	0	boundary
28.7340000000	1.0000000000	28734	S 11
50.8820000000	1.0000000000	50882	S 11
71.8870000000	1.0000000000	71887	S 11
93.4170000000	1.0000000000	93417	S 11
114.9480000000	1.0000000000	114948	S 11
136.1840000000	1.0000000000	136184	S 11
157.5830000000	1.0000000000	157583	S 11
180.8910000000	1.0000000000	180891	S 11
203.9170000000	1.0000000000	203917	S 11
225.6900000000	1.0000000000	225690	S 11
