onset	duration	sample	value
0.0000000000	n/a	0	boundary
26.1820000000	1.0000000000	26182	S 15
62.7120000000	1.0000000000	62712	S 15
99.0240000000	1.0000000000	99024	S 15
136.6610000000	1.0000000000	136661	S 15
173.4760000000	1.0000000000	173476	S 15
209.8380000000	1.0000000000	209838	S 15
247.0890000000	1.0000000000	247089	S 15
283.6190000000	1.0000000000	283619	S 15
320.2330000000	1.0000000000	320233	S 15
357.0480000000	1.0000000000	357048	S 15
