onset	duration	sample	value
0.0000000000	n/a	0	boundary
29.6940000000	1.0000000000	29694	S 15
67.4480000000	1.0000000000	67448	S 15
103.5420000000	1.0000000000	103542	S 15
140.1220000000	1.0000000000	140122	S 15
176.3670000000	1.0000000000	176367	S 15
212.6950000000	1.0000000000	212695	S 15
248.6040000000	1.0000000000	248604	S 15
285.4030000000	1.0000000000	285403	S 15
321.8490000000	1.0000000000	321849	S 15
358.3120000000	1.0000000000	358312	S 15
