onset	duration	sample	value
0.0000000000	n/a	0	boundary
25.9990000000	1.0000000000	25999	S 15
61.3210000000	1.0000000000	61321	S 15
96.7940000000	1.0000000000	96794	S 15
131.9150000000	1.0000000000	131915	S 15
167.9250000000	1.0000000000	167925	S 15
203.0300000000	1.0000000000	203030	S 15
238.7210000000	1.0000000000	238721	S 15
273.6240000000	1.0000000000	273624	S 15
309.6670000000	1.0000000000	309667	S 15
345.5100000000	1.0000000000	345510	S 15
