onset	duration	sample	value
0.0000000000	n/a	0	boundary
12.3990000000	1.0000000000	12399	S111
34.9300000000	1.0000000000	34930	S111
56.5730000000	1.0000000000	56573	S111
78.0270000000	1.0000000000	78027	S111
99.5820000000	1.0000000000	99582	S111
120.7390000000	1.0000000000	120739	S111
141.1720000000	1.0000000000	141172	S111
162.4530000000	1.0000000000	162453	S111
183.1930000000	1.0000000000	183193	S111
203.3560000000	1.0000000000	203356	S111
