onset	duration	sample	value
0.0000000000	n/a	0	boundary
42.2460000000	1.0000000000	42246	S115
81.6780000000	1.0000000000	81678	S115
119.7670000000	1.0000000000	119767	S115
161.2620000000	1.0000000000	161262	S115
198.2110000000	1.0000000000	198211	S115
236.4010000000	1.0000000000	236401	S115
273.9540000000	1.0000000000	273954	S115
317.2770000000	1.0000000000	317277	S115
354.5620000000	1.0000000000	354562	S115
390.9910000000	1.0000000000	390991	S115
