onset	duration	sample	value
0.0000000000	n/a	0	boundary
12.6260000000	1.0000000000	12626	S111
34.8140000000	1.0000000000	34814	S111
56.5040000000	1.0000000000	56504	S111
76.9940000000	1.0000000000	76994	S111
97.6610000000	1.0000000000	97661	S111
118.4000000000	1.0000000000	118400	S111
137.9470000000	1.0000000000	137947	S111
158.4600000000	1.0000000000	158460	S111
180.3170000000	1.0000000000	180317	S111
202.1910000000	1.0000000000	202191	S111
