onset	duration	sample	value
0.0000000000	n/a	0	boundary
27.1790000000	1.0000000000	27179	S115
64.2460000000	1.0000000000	64246	S115
102.7210000000	1.0000000000	102721	S115
140.0900000000	1.0000000000	140090	S115
176.3510000000	1.0000000000	176351	S115
212.7470000000	1.0000000000	212747	S115
249.1430000000	1.0000000000	249143	S115
285.9580000000	1.0000000000	285958	S115
321.5990000000	1.0000000000	321599	S115
358.9840000000	1.0000000000	358984	S115
