onset	duration	sample	value
0.0000000000	n/a	0	boundary
28.8790000000	1.0000000000	28879	S115
63.8660000000	1.0000000000	63866	S115
99.3560000000	1.0000000000	99356	S115
134.8290000000	1.0000000000	134829	S115
170.7720000000	1.0000000000	170772	S115
207.5370000000	1.0000000000	207537	S115
242.8430000000	1.0000000000	242843	S115
279.1380000000	1.0000000000	279138	S115
315.1140000000	1.0000000000	315114	S115
351.0910000000	1.0000000000	351091	S115
