onset	duration	sample	value
0.0000000000	n/a	0	boundary
65.9760000000	1.0000000000	65976	S 11
88.1140000000	1.0000000000	88114	S 11
109.8470000000	1.0000000000	109847	S 11
131.6840000000	1.0000000000	131684	S 11
154.7500000000	1.0000000000	154750	S 11
177.6690000000	1.0000000000	177669	S 11
199.9050000000	1.0000000000	199905	S 11
221.8860000000	1.0000000000	221886	S 11
245.5610000000	1.0000000000	245561	S 11
267.6150000000	1.0000000000	267615	S 11
