onset	duration	sample	value
0.0000000000	n/a	0	boundary
46.0230000000	1.0000000000	46023	S 15
86.6460000000	1.0000000000	86646	S 15
127.2180000000	1.0000000000	127218	S 15
167.3200000000	1.0000000000	167320	S 15
204.5040000000	1.0000000000	204504	S 15
241.2690000000	1.0000000000	241269	S 15
279.3580000000	1.0000000000	279358	S 15
316.2740000000	1.0000000000	316274	S 15
353.0890000000	1.0000000000	353089	S 15
392.9400000000	1.0000000000	392940	S 15
