onset	duration	sample	value
0.0000000000	n/a	0	boundary
22.2050000000	1.0000000000	22205	S 11
42.9030000000	1.0000000000	42903	S 11
65.2560000000	1.0000000000	65256	S 11
89.1870000000	1.0000000000	89187	S 11
114.1820000000	1.0000000000	114182	S 11
137.8980000000	1.0000000000	137898	S 11
161.4310000000	1.0000000000	161431	S 11
188.4450000000	1.0000000000	188445	S 11
214.1220000000	1.0000000000	214122	S 11
238.0380000000	1.0000000000	238038	S 11
