onset	duration	sample	value
0.0000000000	n/a	0	boundary
39.8560000000	1.0000000000	39856	S115
80.2770000000	1.0000000000	80277	S115
122.3420000000	1.0000000000	122342	S115
165.5810000000	1.0000000000	165581	S115
205.4150000000	1.0000000000	205415	S115
246.3390000000	1.0000000000	246339	S115
286.2900000000	1.0000000000	286290	S115
328.4220000000	1.0000000000	328422	S115
369.6150000000	1.0000000000	369615	S115
411.5120000000	1.0000000000	411512	S115
