onset	duration	sample	value
0.0000000000	n/a	0	boundary
27.3030000000	1.0000000000	27303	S 11
49.2600000000	1.0000000000	49260	S 11
71.1790000000	1.0000000000	71179	S 11
92.6810000000	1.0000000000	92681	S 11
114.2870000000	1.0000000000	114287	S 11
136.7820000000	1.0000000000	136782	S 11
158.1790000000	1.0000000000	158179	S 11
181.3190000000	1.0000000000	181319	S 11
204.0570000000	1.0000000000	204057	S 11
226.2520000000	1.0000000000	226252	S 11
