onset	duration	sample	value
0.0000000000	n/a	0	boundary
20.5020000000	1.0000000000	20502	S111
43.7610000000	1.0000000000	43761	S111
67.0430000000	1.0000000000	67043	S111
91.6980000000	1.0000000000	91698	S111
114.1940000000	1.0000000000	114194	S111
135.6680000000	1.0000000000	135668	S111
157.3900000000	1.0000000000	157390	S111
181.6180000000	1.0000000000	181618	S111
202.8030000000	1.0000000000	202803	S111
223.9070000000	1.0000000000	223907	S111
