onset	duration	sample	value
0.0000000000	n/a	0	boundary
25.9010000000	1.0000000000	25901	S115
61.9610000000	1.0000000000	61961	S115
96.9310000000	1.0000000000	96931	S115
132.9080000000	1.0000000000	132908	S115
169.8570000000	1.0000000000	169857	S115
206.1180000000	1.0000000000	206118	S115
242.3130000000	1.0000000000	242313	S115
278.9600000000	1.0000000000	278960	S115
316.1610000000	1.0000000000	316161	S115
352.8420000000	1.0000000000	352842	S115
