onset	duration	sample	value
0.0000000000	n/a	0	boundary
9.6810000000	1.0000000000	9681	S 77
25.8330000000	1.0000000000	25833	S 77
42.1860000000	1.0000000000	42186	S 77
58.0190000000	1.0000000000	58019	S 77
73.8520000000	1.0000000000	73852	S 77
90.1380000000	1.0000000000	90138	S 77
105.5010000000	1.0000000000	105501	S 77
121.7700000000	1.0000000000	121770	S 77
138.2910000000	1.0000000000	138291	S 77
155.9520000000	1.0000000000	155952	S 77
