onset	duration	sample	value
0.0000000000	n/a	0	boundary
7.5170000000	1.0000000000	7517	S 77
22.9140000000	1.0000000000	22914	S 77
39.1160000000	1.0000000000	39116	S 77
55.8890000000	1.0000000000	55889	S 77
72.9120000000	1.0000000000	72912	S 77
89.5670000000	1.0000000000	89567	S 77
106.7920000000	1.0000000000	106792	S 77
122.9940000000	1.0000000000	122994	S 77
138.7600000000	1.0000000000	138760	S 77
153.6540000000	1.0000000000	153654	S 77
