onset	duration	sample	value
0.0000000000	n/a	0	boundary
36.3650000000	1.0000000000	36365	S115
73.2470000000	1.0000000000	73247	S115
108.7530000000	1.0000000000	108753	S115
146.2560000000	1.0000000000	146256	S115
182.3330000000	1.0000000000	182333	S115
218.1420000000	1.0000000000	218142	S115
254.6720000000	1.0000000000	254672	S115
290.4130000000	1.0000000000	290413	S115
325.7860000000	1.0000000000	325786	S115
360.8570000000	1.0000000000	360857	S115
