onset	duration	sample	value
0.0000000000	n/a	0	boundary
23.2810000000	1.0000000000	23281	S 11
48.5140000000	1.0000000000	48514	S 11
75.0450000000	1.0000000000	75045	S 11
100.0630000000	1.0000000000	100063	S 11
123.1300000000	1.0000000000	123130	S 11
146.7680000000	1.0000000000	146768	S 11
170.6300000000	1.0000000000	170630	S 11
194.7130000000	1.0000000000	194713	S 11
218.0930000000	1.0000000000	218093	S 11
242.8930000000	1.0000000000	242893	S 11
