onset	duration	sample	value
0.0000000000	n/a	0	boundary
23.3210000000	1.0000000000	23321	S111
46.2670000000	1.0000000000	46267	S111
69.5550000000	1.0000000000	69555	S111
91.9290000000	1.0000000000	91929	S111
115.5830000000	1.0000000000	115583	S111
138.5900000000	1.0000000000	138590	S111
161.5530000000	1.0000000000	161553	S111
185.4870000000	1.0000000000	185487	S111
208.2850000000	1.0000000000	208285	S111
231.7520000000	1.0000000000	231752	S111
