onset	duration	sample	value
0.0000000000	n/a	0	boundary
62.3610000000	1.0000000000	62361	S115
102.8150000000	1.0000000000	102815	S115
139.0430000000	1.0000000000	139043	S115
175.4220000000	1.0000000000	175422	S115
213.1600000000	1.0000000000	213160	S115
249.3540000000	1.0000000000	249354	S115
285.8340000000	1.0000000000	285834	S115
321.8440000000	1.0000000000	321844	S115
358.7260000000	1.0000000000	358726	S115
395.2050000000	1.0000000000	395205	S115
431.5840000000	1.0000000000	431584	S115
