onset	duration	sample	value
0.0000000000	n/a	0	boundary
33.3680000000	1.0000000000	33368	S 77
50.8620000000	1.0000000000	50862	S 77
66.6280000000	1.0000000000	66628	S 77
84.3890000000	1.0000000000	84389	S 77
100.1220000000	1.0000000000	100122	S 77
116.9610000000	1.0000000000	116961	S 77
132.3580000000	1.0000000000	132358	S 77
148.4260000000	1.0000000000	148426	S 77
164.7450000000	1.0000000000	164745	S 77
181.4840000000	1.0000000000	181484	S 77
