onset	duration	sample	value
0.0000000000	n/a	0	boundary
36.2720000000	1.0000000000	36272	S115
71.1920000000	1.0000000000	71192	S115
105.9610000000	1.0000000000	105961	S115
142.1220000000	1.0000000000	142122	S115
178.1820000000	1.0000000000	178182	S115
213.9400000000	1.0000000000	213940	S115
250.0510000000	1.0000000000	250051	S115
284.3670000000	1.0000000000	284367	S115
319.5550000000	1.0000000000	319555	S115
355.6660000000	1.0000000000	355666	S115
