onset	duration	sample	value
0.0000000000	n/a	0	boundary
30.5160000000	1.0000000000	30516	S 15
67.5320000000	1.0000000000	67532	S 15
104.3130000000	1.0000000000	104313	S 15
142.1850000000	1.0000000000	142185	S 15
179.9730000000	1.0000000000	179973	S 15
218.9850000000	1.0000000000	218985	S 15
254.6930000000	1.0000000000	254693	S 15
292.1460000000	1.0000000000	292146	S 15
330.0680000000	1.0000000000	330068	S 15
368.3590000000	1.0000000000	368359	S 15
