onset	duration	sample	value
0.0000000000	n/a	0	boundary
30.3030000000	1.0000000000	30303	S 11
50.9610000000	1.0000000000	50961	S 11
71.7200000000	1.0000000000	71720	S 11
92.7280000000	1.0000000000	92728	S 11
113.5790000000	1.0000000000	113579	S 11
133.9190000000	1.0000000000	133919	S 11
153.4940000000	1.0000000000	153494	S 11
173.7720000000	1.0000000000	173772	S 11
193.9910000000	1.0000000000	193991	S 11
214.2870000000	1.0000000000	214287	S 11
