onset	duration	sample	value
0.0000000000	n/a	0	boundary
26.2010000000	1.0000000000	26201	S 77
43.5100000000	1.0000000000	43510	S 77
61.3890000000	1.0000000000	61389	S 77
80.3420000000	1.0000000000	80342	S 77
97.9020000000	1.0000000000	97902	S 77
115.6810000000	1.0000000000	115681	S 77
132.9060000000	1.0000000000	132906	S 77
150.0470000000	1.0000000000	150047	S 77
167.3730000000	1.0000000000	167373	S 77
184.0950000000	1.0000000000	184095	S 77
