onset	duration	sample	value
0.0000000000	n/a	0	boundary
28.5380000000	1.0000000000	28538	S 11
52.2920000000	1.0000000000	52292	S 11
75.3150000000	1.0000000000	75315	S 11
98.2450000000	1.0000000000	98245	S 11
121.0910000000	1.0000000000	121091	S 11
142.6460000000	1.0000000000	142646	S 11
165.3780000000	1.0000000000	165378	S 11
188.0780000000	1.0000000000	188078	S 11
211.9130000000	1.0000000000	211913	S 11
235.6550000000	1.0000000000	235655	S 11
