onset	duration	sample	value
0.0000000000	n/a	0	boundary
20.7180000000	1.0000000000	20718	S111
42.2200000000	1.0000000000	42220	S111
62.0850000000	1.0000000000	62085	S111
82.7360000000	1.0000000000	82736	S111
104.7800000000	1.0000000000	104780	S111
127.7480000000	1.0000000000	127748	S111
149.3150000000	1.0000000000	149315	S111
172.5910000000	1.0000000000	172591	S111
193.7020000000	1.0000000000	193702	S111
214.5450000000	1.0000000000	214545	S111
