onset	duration	sample	value
0.0000000000	n/a	0	boundary
21.2300000000	1.0000000000	21230	S111
44.6030000000	1.0000000000	44603	S111
68.8860000000	1.0000000000	68886	S111
91.2450000000	1.0000000000	91245	S111
112.8730000000	1.0000000000	112873	S111
135.6110000000	1.0000000000	135611	S111
157.2790000000	1.0000000000	157279	S111
180.0920000000	1.0000000000	180092	S111
201.7030000000	1.0000000000	201703	S111
224.0460000000	1.0000000000	224046	S111
