onset	duration	sample	value
0.0000000000	n/a	0	boundary
13.3990000000	1.0000000000	13399	S 11
35.5060000000	1.0000000000	35506	S 11
58.6150000000	1.0000000000	58615	S 11
81.6690000000	1.0000000000	81669	S 11
104.7910000000	1.0000000000	104791	S 11
129.5620000000	1.0000000000	129562	S 11
152.5100000000	1.0000000000	152510	S 11
176.1250000000	1.0000000000	176125	S 11
199.5220000000	1.0000000000	199522	S 11
222.6190000000	1.0000000000	222619	S 11
