onset	duration	sample	value
0.0000000000	n/a	0	boundary
90.5410000000	1.0000000000	90541	S115
131.8010000000	1.0000000000	131801	S115
170.5280000000	1.0000000000	170528	S115
211.0660000000	1.0000000000	211066	S115
250.3470000000	1.0000000000	250347	S115
288.5540000000	1.0000000000	288554	S115
330.0480000000	1.0000000000	330048	S115
369.1950000000	1.0000000000	369195	S115
411.5780000000	1.0000000000	411578	S115
