onset	duration	sample	value
0.0000000000	n/a	0	boundary
24.6310000000	1.0000000000	24631	S 15
60.7240000000	1.0000000000	60724	S 15
97.7410000000	1.0000000000	97741	S 15
134.4890000000	1.0000000000	134489	S 15
173.2490000000	1.0000000000	173249	S 15
209.7960000000	1.0000000000	209796	S 15
246.2420000000	1.0000000000	246242	S 15
282.1680000000	1.0000000000	282168	S 15
318.3460000000	1.0000000000	318346	S 15
354.7750000000	1.0000000000	354775	S 15
