onset	duration	sample	value
0.0000000000	n/a	0	boundary
14.7450000000	1.0000000000	14745	S 11
37.9720000000	1.0000000000	37972	S 11
58.6600000000	1.0000000000	58660	S 11
80.3720000000	1.0000000000	80372	S 11
103.7140000000	1.0000000000	103714	S 11
127.1140000000	1.0000000000	127114	S 11
148.6850000000	1.0000000000	148685	S 11
170.1660000000	1.0000000000	170166	S 11
192.1100000000	1.0000000000	192110	S 11
214.0540000000	1.0000000000	214054	S 11
