onset	duration	sample	value
0.0000000000	n/a	0	boundary
12.3970000000	1.0000000000	12397	S 11
33.1510000000	1.0000000000	33151	S 11
53.7550000000	1.0000000000	53755	S 11
74.7320000000	1.0000000000	74732	S 11
95.3040000000	1.0000000000	95304	S 11
116.1950000000	1.0000000000	116195	S 11
136.8710000000	1.0000000000	136871	S 11
157.8140000000	1.0000000000	157814	S 11
182.4780000000	1.0000000000	182478	S 11
203.9460000000	1.0000000000	203946	S 11
