onset	duration	sample	value
0.0000000000	n/a	0	boundary
12.7710000000	1.0000000000	12771	S111
34.9750000000	1.0000000000	34975	S111
56.6020000000	1.0000000000	56602	S111
77.6780000000	1.0000000000	77678	S111
98.4510000000	1.0000000000	98451	S111
119.7690000000	1.0000000000	119769	S111
141.7220000000	1.0000000000	141722	S111
162.8790000000	1.0000000000	162879	S111
184.3530000000	1.0000000000	184353	S111
205.5500000000	1.0000000000	205550	S111
