onset	duration	sample	value
0.0000000000	n/a	0	boundary
32.8350000000	1.0000000000	32835	S111
55.9590000000	1.0000000000	55959	S111
79.6490000000	1.0000000000	79649	S111
105.8480000000	1.0000000000	105848	S111
128.9830000000	1.0000000000	128983	S111
152.9570000000	1.0000000000	152957	S111
178.1250000000	1.0000000000	178125	S111
204.0940000000	1.0000000000	204094	S111
229.4500000000	1.0000000000	229450	S111
254.0880000000	1.0000000000	254088	S111
