onset	duration	sample	value
0.0000000000	n/a	0	boundary
9.1930000000	1.0000000000	9193	S 77
29.2690000000	1.0000000000	29269	S 77
53.5550000000	1.0000000000	53555	S 77
70.1770000000	1.0000000000	70177	S 77
87.2170000000	1.0000000000	87217	S 77
103.5360000000	1.0000000000	103536	S 77
123.1600000000	1.0000000000	123160	S 77
142.5320000000	1.0000000000	142532	S 77
161.5680000000	1.0000000000	161568	S 77
178.8770000000	1.0000000000	178877	S 77
