onset	duration	sample	value
0.0000000000	n/a	0	boundary
26.1190000000	1.0000000000	26119	S111
51.4040000000	1.0000000000	51404	S111
75.3500000000	1.0000000000	75350	S111
96.9170000000	1.0000000000	96917	S111
119.2290000000	1.0000000000	119229	S111
140.9980000000	1.0000000000	140998	S111
165.0900000000	1.0000000000	165090	S111
188.8690000000	1.0000000000	188869	S111
210.3610000000	1.0000000000	210361	S111
240.5840000000	1.0000000000	240584	S111
