onset	duration	sample	value
0.0000000000	n/a	0	boundary
33.5930000000	1.0000000000	33593	S 11
58.2830000000	1.0000000000	58283	S 11
81.5640000000	1.0000000000	81564	S 11
104.6320000000	1.0000000000	104632	S 11
126.8920000000	1.0000000000	126892	S 11
150.1240000000	1.0000000000	150124	S 11
173.7940000000	1.0000000000	173794	S 11
196.1360000000	1.0000000000	196136	S 11
221.1030000000	1.0000000000	221103	S 11
244.7280000000	1.0000000000	244728	S 11
