onset	duration	sample	value
0.0000000000	n/a	0	boundary
15.5000000000	1.0000000000	15500	S111
36.8640000000	1.0000000000	36864	S111
57.8170000000	1.0000000000	57817	S111
77.8290000000	1.0000000000	77829	S111
98.6640000000	1.0000000000	98664	S111
119.5240000000	1.0000000000	119524	S111
140.4170000000	1.0000000000	140417	S111
161.0770000000	1.0000000000	161077	S111
184.3340000000	1.0000000000	184334	S111
205.4160000000	1.0000000000	205416	S111
