onset	duration	sample	value
0.0000000000	n/a	0	boundary
18.0740000000	1.0000000000	18074	S 77
34.7620000000	1.0000000000	34762	S 77
52.4240000000	1.0000000000	52424	S 77
69.3800000000	1.0000000000	69380	S 77
86.3540000000	1.0000000000	86354	S 77
102.5560000000	1.0000000000	102556	S 77
119.2110000000	1.0000000000	119211	S 77
135.6310000000	1.0000000000	135631	S 77
152.5030000000	1.0000000000	152503	S 77
168.5040000000	1.0000000000	168504	S 77
