onset	duration	sample	value
0.0000000000	n/a	0	boundary
49.2410000000	1.0000000000	49241	S 15
85.7880000000	1.0000000000	85788	S 15
123.0890000000	1.0000000000	123089	S 15
160.1390000000	1.0000000000	160139	S 15
196.6860000000	1.0000000000	196686	S 15
233.2490000000	1.0000000000	233249	S 15
270.3160000000	1.0000000000	270316	S 15
307.3990000000	1.0000000000	307399	S 15
344.7680000000	1.0000000000	344768	S 15
383.3270000000	1.0000000000	383327	S 15
