onset	duration	sample	value
0.0000000000	n/a	0	boundary
53.4800000000	n/a	53480	boundary
79.1450000000	1.0000000000	79145	S 15
115.4560000000	1.0000000000	115456	S 15
151.9190000000	1.0000000000	151919	S 15
189.5560000000	1.0000000000	189556	S 15
226.6060000000	1.0000000000	226606	S 15
262.8840000000	1.0000000000	262884	S 15
299.9840000000	1.0000000000	299984	S 15
334.7870000000	1.0000000000	334787	S 15
371.0320000000	1.0000000000	371032	S 15
409.0540000000	1.0000000000	409054	S 15
