onset	duration	sample	value
0.0000000000	n/a	0	boundary
34.4760000000	1.0000000000	34476	S 15
73.6400000000	1.0000000000	73640	S 15
109.9350000000	1.0000000000	109935	S 15
148.0080000000	1.0000000000	148008	S 15
185.2420000000	1.0000000000	185242	S 15
222.3590000000	1.0000000000	222359	S 15
258.6040000000	1.0000000000	258604	S 15
296.2740000000	1.0000000000	296274	S 15
333.3570000000	1.0000000000	333357	S 15
370.7430000000	1.0000000000	370743	S 15
