onset	duration	sample	value
0.0000000000	n/a	0	boundary
30.5500000000	1.0000000000	30550	S 15
67.8510000000	1.0000000000	67851	S 15
104.2810000000	1.0000000000	104281	S 15
141.1800000000	1.0000000000	141180	S 15
176.9880000000	1.0000000000	176988	S 15
213.2160000000	1.0000000000	213216	S 15
249.6120000000	1.0000000000	249612	S 15
288.3890000000	1.0000000000	288389	S 15
324.0970000000	1.0000000000	324097	S 15
360.8290000000	1.0000000000	360829	S 15
