onset	duration	sample	value
0.0000000000	n/a	0	boundary
15.4790000000	1.0000000000	15479	S 11
40.1730000000	1.0000000000	40173	S 11
63.6380000000	1.0000000000	63638	S 11
86.4780000000	1.0000000000	86478	S 11
110.9380000000	1.0000000000	110938	S 11
134.6940000000	1.0000000000	134694	S 11
159.4820000000	1.0000000000	159482	S 11
184.5320000000	1.0000000000	184532	S 11
207.4630000000	1.0000000000	207463	S 11
230.6160000000	1.0000000000	230616	S 11
