onset	duration	sample	value
0.0000000000	n/a	0	boundary
16.4410000000	1.0000000000	16441	S 77
32.5420000000	1.0000000000	32542	S 77
46.8320000000	1.0000000000	46832	S 77
61.5580000000	1.0000000000	61558	S 77
76.7040000000	1.0000000000	76704	S 77
91.7320000000	1.0000000000	91732	S 77
106.8100000000	1.0000000000	106810	S 77
121.6360000000	1.0000000000	121636	S 77
136.4130000000	1.0000000000	136413	S 77
151.2730000000	1.0000000000	151273	S 77
