onset	duration	sample	value
0.0000000000	n/a	0	boundary
23.0180000000	1.0000000000	23018	S 77
38.1460000000	1.0000000000	38146	S 77
54.0130000000	1.0000000000	54013	S 77
70.8020000000	1.0000000000	70802	S 77
86.8700000000	1.0000000000	86870	S 77
103.5750000000	1.0000000000	103575	S 77
119.8100000000	1.0000000000	119810	S 77
135.8780000000	1.0000000000	135878	S 77
151.7280000000	1.0000000000	151728	S 77
168.5500000000	1.0000000000	168550	S 77
