onset	duration	sample	value
0.0000000000	n/a	0	boundary
19.1460000000	1.0000000000	19146	S 11
40.0300000000	1.0000000000	40030	S 11
61.1100000000	1.0000000000	61110	S 11
81.7980000000	1.0000000000	81798	S 11
103.0990000000	1.0000000000	103099	S 11
123.1530000000	1.0000000000	123153	S 11
143.4070000000	1.0000000000	143407	S 11
164.4260000000	1.0000000000	164426	S 11
185.3270000000	1.0000000000	185327	S 11
205.9260000000	1.0000000000	205926	S 11
