onset	duration	sample	value
0.0000000000	n/a	0	boundary
19.3480000000	1.0000000000	19348	S 11
41.5860000000	1.0000000000	41586	S 11
64.0550000000	1.0000000000	64055	S 11
85.9870000000	1.0000000000	85987	S 11
107.8470000000	1.0000000000	107847	S 11
129.0650000000	1.0000000000	129065	S 11
150.7890000000	1.0000000000	150789	S 11
173.7380000000	1.0000000000	173738	S 11
195.8140000000	1.0000000000	195814	S 11
219.3920000000	1.0000000000	219392	S 11
