onset	duration	sample	value
0.0000000000	n/a	0	boundary
16.6370000000	1.0000000000	16637	S 77
33.5430000000	1.0000000000	33543	S 77
52.9490000000	1.0000000000	52949	S 77
69.7710000000	1.0000000000	69771	S 77
86.8120000000	1.0000000000	86812	S 77
104.2890000000	1.0000000000	104289	S 77
122.2680000000	1.0000000000	122268	S 77
139.9300000000	1.0000000000	139930	S 77
157.4060000000	1.0000000000	157406	S 77
175.6210000000	1.0000000000	175621	S 77
