onset	duration	sample	value
0.0000000000	n/a	0	boundary
22.6870000000	1.0000000000	22687	S 11
46.8250000000	1.0000000000	46825	S 11
71.0320000000	1.0000000000	71032	S 11
96.4740000000	1.0000000000	96474	S 11
119.9330000000	1.0000000000	119933	S 11
142.7610000000	1.0000000000	142761	S 11
168.1280000000	1.0000000000	168128	S 11
191.5050000000	1.0000000000	191505	S 11
216.1250000000	1.0000000000	216125	S 11
241.2380000000	1.0000000000	241238	S 11
