onset	duration	sample	value
0.0000000000	n/a	0	boundary
26.3310000000	1.0000000000	26331	S 15
99.7430000000	1.0000000000	99743	S 15
137.4130000000	1.0000000000	137413	S 15
175.6540000000	1.0000000000	175654	S 15
214.9010000000	1.0000000000	214901	S 15
253.2420000000	1.0000000000	253242	S 15
291.3150000000	1.0000000000	291315	S 15
330.3610000000	1.0000000000	330361	S 15
368.7020000000	1.0000000000	368702	S 15
407.6470000000	1.0000000000	407647	S 15
