onset	duration	sample	value
0.0000000000	n/a	0	boundary
26.7700000000	1.0000000000	26770	S115
63.4340000000	1.0000000000	63434	S115
100.9870000000	1.0000000000	100987	S115
139.6800000000	1.0000000000	139680	S115
177.6020000000	1.0000000000	177602	S115
214.1160000000	1.0000000000	214116	S115
250.7460000000	1.0000000000	250746	S115
288.2990000000	1.0000000000	288299	S115
326.0700000000	1.0000000000	326070	S115
365.4680000000	1.0000000000	365468	S115
