onset	duration	sample	value
0.0000000000	n/a	0	boundary
24.8940000000	1.0000000000	24894	S 11
48.6350000000	1.0000000000	48635	S 11
73.0140000000	1.0000000000	73014	S 11
95.1250000000	1.0000000000	95125	S 11
117.8650000000	1.0000000000	117865	S 11
141.8100000000	1.0000000000	141810	S 11
164.7990000000	1.0000000000	164799	S 11
187.5040000000	1.0000000000	187504	S 11
210.1280000000	1.0000000000	210128	S 11
232.5740000000	1.0000000000	232574	S 11
