onset	duration	sample	value
0.0000000000	n/a	0	boundary
19.9090000000	1.0000000000	19909	S 77
34.1480000000	1.0000000000	34148	S 77
49.1260000000	1.0000000000	49126	S 77
63.7340000000	1.0000000000	63734	S 77
78.6620000000	1.0000000000	78662	S 77
93.8570000000	1.0000000000	93857	S 77
108.4660000000	1.0000000000	108466	S 77
123.3090000000	1.0000000000	123309	S 77
137.5490000000	1.0000000000	137549	S 77
152.2080000000	1.0000000000	152208	S 77
