onset	duration	sample	value
0.0000000000	n/a	0	boundary
12.0420000000	1.0000000000	12042	S111
33.0690000000	1.0000000000	33069	S111
55.1670000000	1.0000000000	55167	S111
78.3470000000	1.0000000000	78347	S111
101.6180000000	1.0000000000	101618	S111
123.9800000000	1.0000000000	123980	S111
145.7850000000	1.0000000000	145785	S111
166.8290000000	1.0000000000	166829	S111
188.3540000000	1.0000000000	188354	S111
210.0040000000	1.0000000000	210004	S111
