onset	duration	sample	value
0.0000000000	n/a	0	boundary
18.9040000000	1.0000000000	18904	S 11
41.2390000000	1.0000000000	41239	S 11
64.8720000000	1.0000000000	64872	S 11
87.5820000000	1.0000000000	87582	S 11
110.9180000000	1.0000000000	110918	S 11
133.2110000000	1.0000000000	133211	S 11
154.3510000000	1.0000000000	154351	S 11
176.3500000000	1.0000000000	176350	S 11
198.2200000000	1.0000000000	198220	S 11
220.8870000000	1.0000000000	220887	S 11
