onset	duration	sample	value
0.0000000000	n/a	0	boundary
72.7940000000	1.0000000000	72794	S 11
96.2740000000	1.0000000000	96274	S 11
119.5150000000	1.0000000000	119515	S 11
143.4560000000	1.0000000000	143456	S 11
166.4960000000	1.0000000000	166496	S 11
191.1560000000	1.0000000000	191156	S 11
215.7230000000	1.0000000000	215723	S 11
240.0230000000	1.0000000000	240023	S 11
263.4320000000	1.0000000000	263432	S 11
291.0840000000	1.0000000000	291084	S 11
