onset	duration	sample	value
0.0000000000	n/a	0	boundary
21.6670000000	1.0000000000	21667	S 77
38.2050000000	1.0000000000	38205	S 77
54.1220000000	1.0000000000	54122	S 77
69.0990000000	1.0000000000	69099	S 77
83.6410000000	1.0000000000	83641	S 77
98.7690000000	1.0000000000	98769	S 77
113.6460000000	1.0000000000	113646	S 77
129.1440000000	1.0000000000	129144	S 77
144.1720000000	1.0000000000	144172	S 77
159.0320000000	1.0000000000	159032	S 77
