onset	duration	sample	value
0.0000000000	n/a	0	boundary
4.4430000000	1.0000000000	4443	S 77
22.0710000000	1.0000000000	22071	S 77
41.0230000000	1.0000000000	41023	S 77
57.1080000000	1.0000000000	57108	S 77
75.0370000000	1.0000000000	75037	S 77
92.6820000000	1.0000000000	92682	S 77
108.4310000000	1.0000000000	108431	S 77
126.6460000000	1.0000000000	126646	S 77
145.7320000000	1.0000000000	145732	S 77
163.0920000000	1.0000000000	163092	S 77
