onset	duration	sample	value
0.0000000000	n/a	0	boundary
20.7470000000	1.0000000000	20747	S111
42.4730000000	1.0000000000	42473	S111
64.3170000000	1.0000000000	64317	S111
86.1820000000	1.0000000000	86182	S111
107.8720000000	1.0000000000	107872	S111
129.1730000000	1.0000000000	129173	S111
150.7760000000	1.0000000000	150776	S111
172.8210000000	1.0000000000	172821	S111
193.8470000000	1.0000000000	193847	S111
215.3610000000	1.0000000000	215361	S111
