onset	duration	sample	value
0.0000000000	n/a	0	boundary
6.8650000000	1.0000000000	6865	S 77
22.3800000000	1.0000000000	22380	S 77
38.2630000000	1.0000000000	38263	S 77
54.0290000000	1.0000000000	54029	S 77
68.8050000000	1.0000000000	68805	S 77
84.4710000000	1.0000000000	84471	S 77
100.2700000000	1.0000000000	100270	S 77
114.7610000000	1.0000000000	114761	S 77
130.4270000000	1.0000000000	130427	S 77
145.5050000000	1.0000000000	145505	S 77
