onset	duration	sample	value
0.0000000000	n/a	0	boundary
15.9020000000	1.0000000000	15902	S 11
39.7160000000	1.0000000000	39716	S 11
67.9730000000	1.0000000000	67973	S 11
90.4480000000	1.0000000000	90448	S 11
112.6250000000	1.0000000000	112625	S 11
134.9280000000	1.0000000000	134928	S 11
158.3790000000	1.0000000000	158379	S 11
180.4230000000	1.0000000000	180423	S 11
202.6590000000	1.0000000000	202659	S 11
224.3460000000	1.0000000000	224346	S 11
