onset	duration	sample	value
0.0000000000	n/a	0	boundary
16.0250000000	1.0000000000	16025	S 77
33.8540000000	1.0000000000	33854	S 77
49.8210000000	1.0000000000	49821	S 77
68.0020000000	1.0000000000	68002	S 77
84.1530000000	1.0000000000	84153	S 77
100.2720000000	1.0000000000	100272	S 77
117.1440000000	1.0000000000	117144	S 77
134.1180000000	1.0000000000	134118	S 77
149.8500000000	1.0000000000	149850	S 77
165.5490000000	1.0000000000	165549	S 77
