onset	duration	sample	value
0.0000000000	n/a	0	boundary
14.9180000000	1.0000000000	14918	S111
36.7120000000	1.0000000000	36712	S111
58.5830000000	1.0000000000	58583	S111
80.3010000000	1.0000000000	80301	S111
100.5550000000	1.0000000000	100555	S111
122.2270000000	1.0000000000	122227	S111
146.8040000000	1.0000000000	146804	S111
167.7470000000	1.0000000000	167747	S111
189.7520000000	1.0000000000	189752	S111
211.6400000000	1.0000000000	211640	S111
