onset	duration	sample	value
0.0000000000	n/a	0	boundary
15.4040000000	1.0000000000	15404	S 11
36.7870000000	1.0000000000	36787	S 11
58.2270000000	1.0000000000	58227	S 11
80.4090000000	1.0000000000	80409	S 11
103.1360000000	1.0000000000	103136	S 11
125.3950000000	1.0000000000	125395	S 11
147.6910000000	1.0000000000	147691	S 11
169.9740000000	1.0000000000	169974	S 11
191.7510000000	1.0000000000	191751	S 11
214.4330000000	1.0000000000	214433	S 11
