onset	duration	sample	value
0.0000000000	n/a	0	boundary
54.1290000000	1.0000000000	54129	S 11
78.0140000000	1.0000000000	78014	S 11
102.4490000000	1.0000000000	102449	S 11
126.2160000000	1.0000000000	126216	S 11
150.0020000000	1.0000000000	150002	S 11
173.3080000000	1.0000000000	173308	S 11
197.0810000000	1.0000000000	197081	S 11
220.2950000000	1.0000000000	220295	S 11
245.0040000000	1.0000000000	245004	S 11
268.8440000000	1.0000000000	268844	S 11
