onset	duration	sample	value
0.0000000000	n/a	0	boundary
37.5300000000	1.0000000000	37530	S 15
74.4120000000	1.0000000000	74412	S 15
111.1940000000	1.0000000000	111194	S 15
147.6900000000	1.0000000000	147690	S 15
185.0420000000	1.0000000000	185042	S 15
221.3870000000	1.0000000000	221387	S 15
258.3030000000	1.0000000000	258303	S 15
296.0070000000	1.0000000000	296007	S 15
333.0400000000	1.0000000000	333040	S 15
371.6830000000	1.0000000000	371683	S 15
