onset	duration	sample	value
0.0000000000	n/a	0	boundary
23.1320000000	1.0000000000	23132	S 11
49.3820000000	1.0000000000	49382	S 11
72.4740000000	1.0000000000	72474	S 11
94.3850000000	1.0000000000	94385	S 11
117.7480000000	1.0000000000	117748	S 11
193.9610000000	1.0000000000	193961	S 11
215.6190000000	1.0000000000	215619	S 11
237.3320000000	1.0000000000	237332	S 11
260.1070000000	1.0000000000	260107	S 11
281.3780000000	1.0000000000	281378	S 11
