onset	duration	sample	value
0.0000000000	n/a	0	boundary
14.5720000000	1.0000000000	14572	S 77
31.1430000000	1.0000000000	31143	S 77
49.5750000000	1.0000000000	49575	S 77
64.9220000000	1.0000000000	64922	S 77
80.8890000000	1.0000000000	80889	S 77
97.7620000000	1.0000000000	97762	S 77
112.5380000000	1.0000000000	112538	S 77
128.5560000000	1.0000000000	128556	S 77
143.5670000000	1.0000000000	143567	S 77
158.5110000000	1.0000000000	158511	S 77
