onset	duration	sample	value
0.0000000000	n/a	0	boundary
28.1520000000	1.0000000000	28152	S115
64.4140000000	1.0000000000	64414	S115
100.1720000000	1.0000000000	100172	S115
137.0710000000	1.0000000000	137071	S115
173.3320000000	1.0000000000	173332	S115
207.7830000000	1.0000000000	207783	S115
244.0270000000	1.0000000000	244027	S115
279.9530000000	1.0000000000	279953	S115
316.4330000000	1.0000000000	316433	S115
352.8460000000	1.0000000000	352846	S115
