onset	duration	sample	value
0.0000000000	n/a	0	boundary
113.1290000000	1.0000000000	113129	S115
150.1120000000	1.0000000000	150112	S115
185.5510000000	1.0000000000	185551	S115
221.6950000000	1.0000000000	221695	S115
257.8730000000	1.0000000000	257873	S115
293.6480000000	1.0000000000	293648	S115
329.6410000000	1.0000000000	329641	S115
365.2660000000	1.0000000000	365266	S115
400.7220000000	1.0000000000	400722	S115
436.6650000000	1.0000000000	436665	S115
