onset	duration	sample	value
0.0000000000	n/a	0	boundary
20.3260000000	1.0000000000	20326	S111
42.8330000000	1.0000000000	42833	S111
64.3340000000	1.0000000000	64334	S111
86.5040000000	1.0000000000	86504	S111
108.5520000000	1.0000000000	108552	S111
131.9630000000	1.0000000000	131963	S111
154.5360000000	1.0000000000	154536	S111
178.1190000000	1.0000000000	178119	S111
200.7130000000	1.0000000000	200713	S111
224.4540000000	1.0000000000	224454	S111
