onset	duration	sample	value
0.0000000000	n/a	0	boundary
40.0570000000	1.0000000000	40057	S115
95.5900000000	1.0000000000	95590	S115
134.3170000000	1.0000000000	134317	S115
188.3910000000	1.0000000000	188391	S115
225.7090000000	1.0000000000	225709	S115
262.7090000000	1.0000000000	262709	S115
299.7750000000	1.0000000000	299775	S115
336.6070000000	1.0000000000	336607	S115
379.8960000000	1.0000000000	379896	S115
418.1700000000	1.0000000000	418170	S115
