onset	duration	sample	value
0.0000000000	n/a	0	boundary
24.6490000000	1.0000000000	24649	S111
48.9660000000	1.0000000000	48966	S111
70.9320000000	1.0000000000	70932	S111
94.4160000000	1.0000000000	94416	S111
116.0880000000	1.0000000000	116088	S111
138.0980000000	1.0000000000	138098	S111
160.1050000000	1.0000000000	160105	S111
181.1720000000	1.0000000000	181172	S111
202.7140000000	1.0000000000	202714	S111
224.3830000000	1.0000000000	224383	S111
