onset	duration	sample	value
0.0000000000	n/a	0	boundary
16.6720000000	1.0000000000	16672	S 11
40.1130000000	1.0000000000	40113	S 11
62.7320000000	1.0000000000	62732	S 11
85.8210000000	1.0000000000	85821	S 11
108.8290000000	1.0000000000	108829	S 11
131.1880000000	1.0000000000	131188	S 11
153.4200000000	1.0000000000	153420	S 11
175.4170000000	1.0000000000	175417	S 11
197.8470000000	1.0000000000	197847	S 11
220.2630000000	1.0000000000	220263	S 11
