onset	duration	sample	value
0.0000000000	n/a	0	boundary
56.0600000000	1.0000000000	56060	S111
80.6560000000	1.0000000000	80656	S111
103.0840000000	1.0000000000	103084	S111
124.3880000000	1.0000000000	124388	S111
145.3800000000	1.0000000000	145380	S111
166.4630000000	1.0000000000	166463	S111
187.6750000000	1.0000000000	187675	S111
208.9540000000	1.0000000000	208954	S111
230.2900000000	1.0000000000	230290	S111
250.8910000000	1.0000000000	250891	S111
