onset	duration	sample	value
0.0000000000	n/a	0	boundary
11.5360000000	1.0000000000	11536	S111
33.5650000000	1.0000000000	33565	S111
56.3370000000	1.0000000000	56337	S111
80.4620000000	1.0000000000	80462	S111
102.3350000000	1.0000000000	102335	S111
124.0090000000	1.0000000000	124009	S111
145.5940000000	1.0000000000	145594	S111
167.0880000000	1.0000000000	167088	S111
189.8610000000	1.0000000000	189861	S111
212.7150000000	1.0000000000	212715	S111
