onset	duration	sample	value
0.0000000000	n/a	0	boundary
23.7170000000	1.0000000000	23717	S 11
45.5150000000	1.0000000000	45515	S 11
67.1080000000	1.0000000000	67108	S 11
89.6090000000	1.0000000000	89609	S 11
112.6490000000	1.0000000000	112649	S 11
136.2310000000	1.0000000000	136231	S 11
159.0080000000	1.0000000000	159008	S 11
181.2490000000	1.0000000000	181249	S 11
204.7900000000	1.0000000000	204790	S 11
228.8890000000	1.0000000000	228889	S 11
