onset	duration	sample	value
0.0000000000	n/a	0	boundary
34.4390000000	1.0000000000	34439	S115
88.1100000000	1.0000000000	88110	S115
128.9000000000	1.0000000000	128900	S115
168.8350000000	1.0000000000	168835	S115
206.7070000000	1.0000000000	206707	S115
249.4590000000	1.0000000000	249459	S115
291.0210000000	1.0000000000	291021	S115
333.6220000000	1.0000000000	333622	S115
375.7200000000	1.0000000000	375720	S115
418.9930000000	1.0000000000	418993	S115
