onset	duration	sample	value
0.0000000000	n/a	0	boundary
19.6310000000	1.0000000000	19631	S 77
35.9000000000	1.0000000000	35900	S 77
50.8270000000	1.0000000000	50827	S 77
67.1970000000	1.0000000000	67197	S 77
82.9970000000	1.0000000000	82997	S 77
100.0870000000	1.0000000000	100087	S 77
115.9040000000	1.0000000000	115904	S 77
131.8880000000	1.0000000000	131888	S 77
148.7770000000	1.0000000000	148777	S 77
165.4150000000	1.0000000000	165415	S 77
