onset	duration	sample	value
0.0000000000	n/a	0	boundary
14.1970000000	1.0000000000	14197	S 77
30.1310000000	1.0000000000	30131	S 77
45.9470000000	1.0000000000	45947	S 77
62.2000000000	1.0000000000	62200	S 77
77.9320000000	1.0000000000	77932	S 77
93.9330000000	1.0000000000	93933	S 77
109.1620000000	1.0000000000	109162	S 77
124.9110000000	1.0000000000	124911	S 77
140.7100000000	1.0000000000	140710	S 77
157.8520000000	1.0000000000	157852	S 77
