onset	duration	sample	value
0.0000000000	n/a	0	boundary
22.8230000000	1.0000000000	22823	S 77
38.5550000000	1.0000000000	38555	S 77
54.5560000000	1.0000000000	54556	S 77
71.5130000000	1.0000000000	71513	S 77
87.4970000000	1.0000000000	87497	S 77
104.1520000000	1.0000000000	104152	S 77
121.5440000000	1.0000000000	121544	S 77
138.1490000000	1.0000000000	138149	S 77
155.0380000000	1.0000000000	155038	S 77
171.2240000000	1.0000000000	171224	S 77
