onset	duration	sample	value
0.0000000000	n/a	0	boundary
37.7010000000	1.0000000000	37701	S115
73.1580000000	1.0000000000	73158	S115
109.8220000000	1.0000000000	109822	S115
145.7480000000	1.0000000000	145748	S115
182.3620000000	1.0000000000	182362	S115
218.5730000000	1.0000000000	218573	S115
255.2200000000	1.0000000000	255220	S115
291.4990000000	1.0000000000	291499	S115
327.6760000000	1.0000000000	327676	S115
364.0550000000	1.0000000000	364055	S115
