onset	duration	sample	value
0.0000000000	n/a	0	boundary
40.1080000000	1.0000000000	40108	S115
76.4700000000	1.0000000000	76470	S115
113.9730000000	1.0000000000	113973	S115
150.1680000000	1.0000000000	150168	S115
186.6470000000	1.0000000000	186647	S115
222.4060000000	1.0000000000	222406	S115
257.9960000000	1.0000000000	257996	S115
293.6710000000	1.0000000000	293671	S115
329.8480000000	1.0000000000	329848	S115
365.9930000000	1.0000000000	365993	S115
