onset	duration	sample	value
0.0000000000	n/a	0	boundary
35.8930000000	1.0000000000	35893	S115
73.9490000000	1.0000000000	73949	S115
111.6870000000	1.0000000000	111687	S115
149.5420000000	1.0000000000	149542	S115
188.3360000000	1.0000000000	188336	S115
227.1130000000	1.0000000000	227113	S115
264.7500000000	1.0000000000	264750	S115
303.5610000000	1.0000000000	303561	S115
342.9090000000	1.0000000000	342909	S115
381.2160000000	1.0000000000	381216	S115
