onset	duration	sample	value
0.0000000000	n/a	0	boundary
41.2770000000	1.0000000000	41277	S 15
75.6440000000	1.0000000000	75644	S 15
110.4460000000	1.0000000000	110446	S 15
145.4660000000	1.0000000000	145466	S 15
179.7650000000	1.0000000000	179765	S 15
215.0710000000	1.0000000000	215071	S 15
252.3220000000	1.0000000000	252322	S 15
286.6720000000	1.0000000000	286672	S 15
321.1550000000	1.0000000000	321155	S 15
356.0250000000	1.0000000000	356025	S 15
