onset	duration	sample	value
0.0000000000	n/a	0	boundary
9.7460000000	1.0000000000	9746	S 77
24.9080000000	1.0000000000	24908	S 77
40.0370000000	1.0000000000	40037	S 77
55.5170000000	1.0000000000	55517	S 77
70.4280000000	1.0000000000	70428	S 77
85.4390000000	1.0000000000	85439	S 77
100.7350000000	1.0000000000	100735	S 77
116.2330000000	1.0000000000	116233	S 77
131.9650000000	1.0000000000	131965	S 77
147.6640000000	1.0000000000	147664	S 77
