onset	duration	sample	value
0.0000000000	n/a	0	boundary
44.5600000000	1.0000000000	44560	S 15
82.7340000000	1.0000000000	82734	S 15
119.7170000000	1.0000000000	119717	S 15
158.7450000000	1.0000000000	158745	S 15
196.3820000000	1.0000000000	196382	S 15
233.7840000000	1.0000000000	233784	S 15
271.3880000000	1.0000000000	271388	S 15
308.9410000000	1.0000000000	308941	S 15
347.8690000000	1.0000000000	347869	S 15
386.2940000000	1.0000000000	386294	S 15
