onset	duration	sample	value
0.0000000000	n/a	0	boundary
33.5040000000	1.0000000000	33504	S115
71.3920000000	1.0000000000	71392	S115
107.4530000000	1.0000000000	107453	S115
145.1900000000	1.0000000000	145190	S115
181.3850000000	1.0000000000	181385	S115
241.5130000000	1.0000000000	241513	S115
278.9650000000	1.0000000000	278965	S115
315.4790000000	1.0000000000	315479	S115
353.4510000000	1.0000000000	353451	S115
390.5850000000	1.0000000000	390585	S115
