onset	duration	sample	value
0.0000000000	n/a	0	boundary
40.2630000000	1.0000000000	40263	S111
63.2250000000	1.0000000000	63225	S111
85.6120000000	1.0000000000	85612	S111
107.8360000000	1.0000000000	107836	S111
135.6910000000	1.0000000000	135691	S111
157.4030000000	1.0000000000	157403	S111
179.6190000000	1.0000000000	179619	S111
201.9930000000	1.0000000000	201993	S111
223.1680000000	1.0000000000	223168	S111
