onset	duration	sample	value
0.0000000000	n/a	0	boundary
20.0760000000	1.0000000000	20076	S 77
39.2130000000	1.0000000000	39213	S 77
56.9580000000	1.0000000000	56958	S 77
74.6190000000	1.0000000000	74619	S 77
95.1310000000	1.0000000000	95131	S 77
112.1220000000	1.0000000000	112122	S 77
128.0220000000	1.0000000000	128022	S 77
145.7840000000	1.0000000000	145784	S 77
167.3020000000	1.0000000000	167302	S 77
184.7120000000	1.0000000000	184712	S 77
