onset	duration	sample	value
0.0000000000	n/a	0	boundary
17.7120000000	1.0000000000	17712	S 77
37.8050000000	1.0000000000	37805	S 77
57.3780000000	1.0000000000	57378	S 77
76.1120000000	1.0000000000	76112	S 77
94.1430000000	1.0000000000	94143	S 77
113.6490000000	1.0000000000	113649	S 77
131.9140000000	1.0000000000	131914	S 77
149.6750000000	1.0000000000	149675	S 77
169.5670000000	1.0000000000	169567	S 77
188.6540000000	1.0000000000	188654	S 77
