onset	duration	sample	value
0.0000000000	n/a	0	boundary
26.8280000000	1.0000000000	26828	S111
48.9380000000	1.0000000000	48938	S111
70.8880000000	1.0000000000	70888	S111
92.8670000000	1.0000000000	92867	S111
114.2300000000	1.0000000000	114230	S111
136.3580000000	1.0000000000	136358	S111
157.7180000000	1.0000000000	157718	S111
179.8880000000	1.0000000000	179888	S111
201.4910000000	1.0000000000	201491	S111
223.1390000000	1.0000000000	223139	S111
