onset	duration	sample	value
0.0000000000	n/a	0	boundary
9.9000000000	n/a	9900	boundary
20.2200000000	n/a	20220	boundary
39.0510000000	1.0000000000	39051	S111
61.2280000000	1.0000000000	61228	S111
82.9040000000	1.0000000000	82904	S111
106.1810000000	1.0000000000	106181	S111
129.9330000000	1.0000000000	129933	S111
153.6640000000	1.0000000000	153664	S111
175.2960000000	1.0000000000	175296	S111
198.3030000000	1.0000000000	198303	S111
219.9790000000	1.0000000000	219979	S111
242.2100000000	1.0000000000	242210	S111
