onset	duration	sample	value
0.0000000000	n/a	0	boundary
81.1400000000	1.0000000000	81140	S115
120.3200000000	1.0000000000	120320	S115
161.2770000000	1.0000000000	161277	S115
200.3900000000	1.0000000000	200390	S115
239.2180000000	1.0000000000	239218	S115
277.2240000000	1.0000000000	277224	S115
316.0350000000	1.0000000000	316035	S115
354.2080000000	1.0000000000	354208	S115
392.8180000000	1.0000000000	392818	S115
