onset	duration	sample	value
0.0000000000	n/a	0	boundary
16.5040000000	1.0000000000	16504	S 77
33.1580000000	1.0000000000	33158	S 77
48.8410000000	1.0000000000	48841	S 77
65.1430000000	1.0000000000	65143	S 77
82.7040000000	1.0000000000	82704	S 77
100.0290000000	1.0000000000	100029	S 77
116.2480000000	1.0000000000	116248	S 77
132.9700000000	1.0000000000	132970	S 77
148.7690000000	1.0000000000	148769	S 77
164.8880000000	1.0000000000	164888	S 77
