onset	duration	sample	value
0.0000000000	n/a	0	boundary
13.2750000000	1.0000000000	13275	S 77
29.7450000000	1.0000000000	29745	S 77
48.1940000000	1.0000000000	48194	S 77
64.7650000000	1.0000000000	64765	S 77
82.0910000000	1.0000000000	82091	S 77
99.0480000000	1.0000000000	99048	S 77
115.6520000000	1.0000000000	115652	S 77
132.8610000000	1.0000000000	132861	S 77
150.1190000000	1.0000000000	150119	S 77
167.3280000000	1.0000000000	167328	S 77
