onset	duration	sample	value
0.0000000000	n/a	0	boundary
134.4400000000	1.0000000000	134440	S 15
171.7250000000	1.0000000000	171725	S 15
218.1170000000	1.0000000000	218117	S 15
256.9110000000	1.0000000000	256911	S 15
294.6480000000	1.0000000000	294648	S 15
331.4300000000	1.0000000000	331430	S 15
370.4250000000	1.0000000000	370425	S 15
409.0350000000	1.0000000000	409035	S 15
444.7760000000	1.0000000000	444776	S 15
481.7760000000	1.0000000000	481776	S 15
