onset	duration	sample	value
0.0000000000	n/a	0	boundary
31.2040000000	1.0000000000	31204	S 15
66.8960000000	1.0000000000	66896	S 15
102.1680000000	1.0000000000	102168	S 15
137.9760000000	1.0000000000	137976	S 15
172.7620000000	1.0000000000	172762	S 15
208.0840000000	1.0000000000	208084	S 15
244.1280000000	1.0000000000	244128	S 15
279.2150000000	1.0000000000	279215	S 15
315.2920000000	1.0000000000	315292	S 15
351.0670000000	1.0000000000	351067	S 15
