onset	duration	sample	value
0.0000000000	n/a	0	boundary
20.0360000000	1.0000000000	20036	S 77
37.5130000000	1.0000000000	37513	S 77
54.4360000000	1.0000000000	54436	S 77
70.7550000000	1.0000000000	70755	S 77
92.0220000000	1.0000000000	92022	S 77
107.5200000000	1.0000000000	107520	S 77
123.6720000000	1.0000000000	123672	S 77
139.3700000000	1.0000000000	139370	S 77
158.1220000000	1.0000000000	158122	S 77
175.3800000000	1.0000000000	175380	S 77
