onset	duration	sample	value
0.0000000000	n/a	0	boundary
17.6310000000	1.0000000000	17631	S 11
39.2510000000	1.0000000000	39251	S 11
61.2050000000	1.0000000000	61205	S 11
84.2030000000	1.0000000000	84203	S 11
107.1070000000	1.0000000000	107107	S 11
128.9590000000	1.0000000000	128959	S 11
150.9480000000	1.0000000000	150948	S 11
172.3720000000	1.0000000000	172372	S 11
194.2910000000	1.0000000000	194291	S 11
215.7900000000	1.0000000000	215790	S 11
