onset	duration	sample	value
0.0000000000	n/a	0	boundary
23.1210000000	1.0000000000	23121	S111
44.5050000000	1.0000000000	44505	S111
65.6400000000	1.0000000000	65640	S111
86.1210000000	1.0000000000	86121	S111
108.3000000000	1.0000000000	108300	S111
128.4940000000	1.0000000000	128494	S111
149.2940000000	1.0000000000	149294	S111
171.2040000000	1.0000000000	171204	S111
192.0450000000	1.0000000000	192045	S111
212.8570000000	1.0000000000	212857	S111
