onset	duration	sample	value
0.0000000000	n/a	0	boundary
26.0460000000	1.0000000000	26046	S 15
61.8880000000	1.0000000000	61888	S 15
98.6360000000	1.0000000000	98636	S 15
134.1430000000	1.0000000000	134143	S 15
169.9350000000	1.0000000000	169935	S 15
206.2810000000	1.0000000000	206281	S 15
243.3970000000	1.0000000000	243397	S 15
279.7090000000	1.0000000000	279709	S 15
315.8870000000	1.0000000000	315887	S 15
351.6120000000	1.0000000000	351612	S 15
