onset	duration	sample	value
0.0000000000	n/a	0	boundary
44.0160000000	1.0000000000	44016	S115
78.2650000000	1.0000000000	78265	S115
112.5980000000	1.0000000000	112598	S115
148.2550000000	1.0000000000	148255	S115
183.0240000000	1.0000000000	183024	S115
218.4640000000	1.0000000000	218464	S115
253.7020000000	1.0000000000	253702	S115
288.6560000000	1.0000000000	288656	S115
322.6860000000	1.0000000000	322686	S115
357.2370000000	1.0000000000	357237	S115
