onset	duration	sample	value
0.0000000000	n/a	0	boundary
25.4500000000	1.0000000000	25450	S115
61.1910000000	1.0000000000	61191	S115
96.7820000000	1.0000000000	96782	S115
133.2280000000	1.0000000000	133228	S115
170.2110000000	1.0000000000	170211	S115
206.5900000000	1.0000000000	206590	S115
242.4820000000	1.0000000000	242482	S115
278.6770000000	1.0000000000	278677	S115
314.8540000000	1.0000000000	314854	S115
352.5080000000	1.0000000000	352508	S115
