onset	duration	sample	value
0.0000000000	n/a	0	boundary
29.9200000000	1.0000000000	29920	S 15
66.3320000000	1.0000000000	66332	S 15
102.3260000000	1.0000000000	102326	S 15
138.0500000000	1.0000000000	138050	S 15
174.2280000000	1.0000000000	174228	S 15
211.1270000000	1.0000000000	211127	S 15
247.8920000000	1.0000000000	247892	S 15
283.8510000000	1.0000000000	283851	S 15
321.1190000000	1.0000000000	321119	S 15
357.6660000000	1.0000000000	357666	S 15
