onset	duration	sample	value
0.0000000000	n/a	0	boundary
26.2830000000	1.0000000000	26283	S 15
62.8290000000	1.0000000000	62829	S 15
99.7790000000	1.0000000000	99779	S 15
136.4260000000	1.0000000000	136426	S 15
174.0960000000	1.0000000000	174096	S 15
210.9950000000	1.0000000000	210995	S 15
249.2360000000	1.0000000000	249236	S 15
285.5480000000	1.0000000000	285548	S 15
323.4030000000	1.0000000000	323403	S 15
362.5830000000	1.0000000000	362583	S 15
