onset	duration	sample	value
0.0000000000	n/a	0	boundary
15.2050000000	1.0000000000	15205	S111
40.8220000000	1.0000000000	40822	S111
64.4620000000	1.0000000000	64462	S111
89.5600000000	1.0000000000	89560	S111
114.5510000000	1.0000000000	114551	S111
139.5200000000	1.0000000000	139520	S111
164.2800000000	1.0000000000	164280	S111
194.0970000000	1.0000000000	194097	S111
219.6010000000	1.0000000000	219601	S111
246.4180000000	1.0000000000	246418	S111
