onset	duration	sample	value
0.0000000000	n/a	0	boundary
27.7650000000	1.0000000000	27765	S115
65.4190000000	1.0000000000	65419	S115
101.6130000000	1.0000000000	101613	S115
138.6130000000	1.0000000000	138613	S115
176.0310000000	1.0000000000	176031	S115
213.3660000000	1.0000000000	213366	S115
250.2820000000	1.0000000000	250282	S115
286.5940000000	1.0000000000	286594	S115
322.5700000000	1.0000000000	322570	S115
360.1570000000	1.0000000000	360157	S115
