onset	duration	sample	value
0.0000000000	n/a	0	boundary
110.9440000000	1.0000000000	110944	S111
138.6350000000	1.0000000000	138635	S111
160.5270000000	1.0000000000	160527	S111
184.2310000000	1.0000000000	184231	S111
207.8280000000	1.0000000000	207828	S111
231.7150000000	1.0000000000	231715	S111
254.8120000000	1.0000000000	254812	S111
278.2720000000	1.0000000000	278272	S111
301.6330000000	1.0000000000	301633	S111
324.9790000000	1.0000000000	324979	S111
