onset	duration	sample	value
0.0000000000	n/a	0	boundary
7.6550000000	1.0000000000	7655	S 77
25.8020000000	1.0000000000	25802	S 77
41.1660000000	1.0000000000	41166	S 77
57.3010000000	1.0000000000	57301	S 77
73.5360000000	1.0000000000	73536	S 77
89.4870000000	1.0000000000	89487	S 77
106.8630000000	1.0000000000	106863	S 77
123.4170000000	1.0000000000	123417	S 77
140.0880000000	1.0000000000	140088	S 77
156.4080000000	1.0000000000	156408	S 77
