onset	duration	sample	value
0.0000000000	n/a	0	boundary
23.7810000000	1.0000000000	23781	S 11
45.0550000000	1.0000000000	45055	S 11
65.6920000000	1.0000000000	65692	S 11
87.4540000000	1.0000000000	87454	S 11
108.6290000000	1.0000000000	108629	S 11
130.3620000000	1.0000000000	130362	S 11
151.5500000000	1.0000000000	151550	S 11
172.8210000000	1.0000000000	172821	S 11
194.2610000000	1.0000000000	194261	S 11
215.6270000000	1.0000000000	215627	S 11
