onset	duration	sample	value
0.0000000000	n/a	0	boundary
37.9700000000	1.0000000000	37970	S115
76.2780000000	1.0000000000	76278	S115
114.3010000000	1.0000000000	114301	S115
151.0150000000	1.0000000000	151015	S115
189.6580000000	1.0000000000	189658	S115
228.4520000000	1.0000000000	228452	S115
266.4250000000	1.0000000000	266425	S115
305.3360000000	1.0000000000	305336	S115
342.8560000000	1.0000000000	342856	S115
381.6500000000	1.0000000000	381650	S115
