onset	duration	sample	value
0.0000000000	n/a	0	boundary
61.6880000000	1.0000000000	61688	S115
98.2680000000	1.0000000000	98268	S115
133.8260000000	1.0000000000	133826	S115
169.4330000000	1.0000000000	169433	S115
204.8560000000	1.0000000000	204856	S115
241.5540000000	1.0000000000	241554	S115
277.9490000000	1.0000000000	277949	S115
315.0830000000	1.0000000000	315083	S115
351.6300000000	1.0000000000	351630	S115
390.5240000000	1.0000000000	390524	S115
