onset	duration	sample	value
0.0000000000	n/a	0	boundary
29.8800000000	1.0000000000	29880	S115
66.6280000000	1.0000000000	66628	S115
103.1570000000	1.0000000000	103157	S115
140.8610000000	1.0000000000	140861	S115
178.3470000000	1.0000000000	178347	S115
216.2190000000	1.0000000000	216219	S115
253.6380000000	1.0000000000	253638	S115
291.0730000000	1.0000000000	291073	S115
327.1000000000	1.0000000000	327100	S115
365.5090000000	1.0000000000	365509	S115
