onset	duration	sample	value
0.0000000000	n/a	0	boundary
62.9970000000	1.0000000000	62997	S 11
86.5370000000	1.0000000000	86537	S 11
110.8740000000	1.0000000000	110874	S 11
136.6320000000	1.0000000000	136632	S 11
160.3910000000	1.0000000000	160391	S 11
185.6180000000	1.0000000000	185618	S 11
208.8630000000	1.0000000000	208863	S 11
232.5670000000	1.0000000000	232567	S 11
259.4900000000	1.0000000000	259490	S 11
283.3860000000	1.0000000000	283386	S 11
