onset	duration	sample	value
0.0000000000	n/a	0	boundary
8.2430000000	1.0000000000	8243	S 77
29.5940000000	1.0000000000	29594	S 77
48.6810000000	1.0000000000	48681	S 77
66.8780000000	1.0000000000	66878	S 77
85.1430000000	1.0000000000	85143	S 77
108.0710000000	1.0000000000	108071	S 77
125.3300000000	1.0000000000	125330	S 77
142.5720000000	1.0000000000	142572	S 77
159.6960000000	1.0000000000	159696	S 77
178.3800000000	1.0000000000	178380	S 77
