onset	duration	sample	value
0.0000000000	n/a	0	boundary
76.9850000000	1.0000000000	76985	S 15
115.4270000000	1.0000000000	115427	S 15
158.7000000000	1.0000000000	158700	S 15
208.6470000000	1.0000000000	208647	S 15
247.1560000000	1.0000000000	247156	S 15
284.2560000000	1.0000000000	284256	S 15
324.0910000000	1.0000000000	324091	S 15
363.1530000000	1.0000000000	363153	S 15
400.5220000000	1.0000000000	400522	S 15
