onset	duration	sample	value
0.0000000000	n/a	0	boundary
42.0440000000	1.0000000000	42044	S115
79.7150000000	1.0000000000	79715	S115
116.8820000000	1.0000000000	116882	S115
154.5020000000	1.0000000000	154502	S115
192.8940000000	1.0000000000	192894	S115
229.6080000000	1.0000000000	229608	S115
266.7750000000	1.0000000000	266775	S115
304.9990000000	1.0000000000	304999	S115
344.2130000000	1.0000000000	344213	S115
381.0280000000	1.0000000000	381028	S115
