onset	duration	sample	value
0.0000000000	n/a	0	boundary
29.2520000000	1.0000000000	29252	S115
65.2620000000	1.0000000000	65262	S115
102.4460000000	1.0000000000	102446	S115
138.9260000000	1.0000000000	138926	S115
175.7740000000	1.0000000000	175774	S115
213.1260000000	1.0000000000	213126	S115
249.4050000000	1.0000000000	249405	S115
285.4310000000	1.0000000000	285431	S115
322.8500000000	1.0000000000	322850	S115
360.7550000000	1.0000000000	360755	S115
