onset	duration	sample	value
0.0000000000	n/a	0	boundary
50.9910000000	1.0000000000	50991	S 11
75.5960000000	1.0000000000	75596	S 11
99.5620000000	1.0000000000	99562	S 11
121.2760000000	1.0000000000	121276	S 11
145.0100000000	1.0000000000	145010	S 11
168.1370000000	1.0000000000	168137	S 11
191.8010000000	1.0000000000	191801	S 11
214.4450000000	1.0000000000	214445	S 11
235.9000000000	1.0000000000	235900	S 11
258.0660000000	1.0000000000	258066	S 11
