onset	duration	sample	value
0.0000000000	n/a	0	boundary
40.0270000000	1.0000000000	40027	S111
63.8630000000	1.0000000000	63863	S111
86.2990000000	1.0000000000	86299	S111
107.9440000000	1.0000000000	107944	S111
130.1530000000	1.0000000000	130153	S111
151.2400000000	1.0000000000	151240	S111
173.3510000000	1.0000000000	173351	S111
195.5010000000	1.0000000000	195501	S111
217.2220000000	1.0000000000	217222	S111
238.6880000000	1.0000000000	238688	S111
